도로명코드,도로명,읍면동일련번호,시도명,읍면동구분,ssafy아이디,입력날짜
111102000000,세종대로,0,서울특별시,2,ruddms0127@naver.com,"2020-03-16 13:25:46"
111102000000,세종대로,1,서울특별시,1,ruddms0127@naver.com,"2020-03-16 13:25:46"
111102000000,세종대로,2,서울특별시,1,ruddms0127@naver.com,"2020-03-16 13:25:46"
111102000000,삼일대로,0,서울특별시,2,ruddms0127@naver.com,"2020-03-16 13:25:46"
111102000000,삼일대로,1,서울특별시,1,ruddms0127@naver.com,"2020-03-16 13:25:46"
111102000000,삼일대로,2,서울특별시,1,ruddms0127@naver.com,"2020-03-16 13:25:46"
111102000000,삼일대로,3,서울특별시,1,ruddms0127@naver.com,"2020-03-16 13:25:46"
111102000000,삼일대로,4,서울특별시,1,ruddms0127@naver.com,"2020-03-16 13:25:46"
111102000000,삼일대로,5,서울특별시,1,ruddms0127@naver.com,"2020-03-16 13:25:46"
111102000000,삼일대로,6,서울특별시,1,ruddms0127@naver.com,"2020-03-16 13:25:46"
111102000000,필운대로,0,서울특별시,2,ruddms0127@naver.com,"2020-03-16 13:25:46"
111102000000,필운대로,1,서울특별시,1,ruddms0127@naver.com,"2020-03-16 13:25:46"
111102000000,필운대로,2,서울특별시,1,ruddms0127@naver.com,"2020-03-16 13:25:46"
111102000000,필운대로,3,서울특별시,1,ruddms0127@naver.com,"2020-03-16 13:25:46"
111102000000,필운대로,4,서울특별시,1,ruddms0127@naver.com,"2020-03-16 13:25:46"
111102000000,필운대로,5,서울특별시,1,ruddms0127@naver.com,"2020-03-16 13:25:46"
111103000000,통일로,0,서울특별시,2,ruddms0127@naver.com,"2020-03-16 13:25:46"
111103000000,통일로,1,서울특별시,1,ruddms0127@naver.com,"2020-03-16 13:25:46"
111103000000,통일로,2,서울특별시,1,ruddms0127@naver.com,"2020-03-16 13:25:46"
111103000000,통일로,3,서울특별시,1,ruddms0127@naver.com,"2020-03-16 13:25:46"
111103000000,통일로,4,서울특별시,1,ruddms0127@naver.com,"2020-03-16 13:25:46"
111103000000,통일로,5,서울특별시,1,ruddms0127@naver.com,"2020-03-16 13:25:46"
111103000000,통일로,6,서울특별시,1,ruddms0127@naver.com,"2020-03-16 13:25:46"
111103000000,동호로,0,서울특별시,2,ruddms0127@naver.com,"2020-03-16 13:25:46"
111103000000,동호로,1,서울특별시,1,ruddms0127@naver.com,"2020-03-16 13:25:46"
111103000000,무교로,0,서울특별시,2,ruddms0127@naver.com,"2020-03-16 13:25:46"
111103000000,무교로,1,서울특별시,1,ruddms0127@naver.com,"2020-03-16 13:25:46"
111103000000,보문로,0,서울특별시,2,ruddms0127@naver.com,"2020-03-16 13:25:46"
111103000000,보문로,1,서울특별시,1,ruddms0127@naver.com,"2020-03-16 13:25:46"
111103000000,새문안로,0,서울특별시,2,ruddms0127@naver.com,"2020-03-16 13:25:46"
111103000000,새문안로,1,서울특별시,1,ruddms0127@naver.com,"2020-03-16 13:25:46"
111103000000,새문안로,2,서울특별시,1,ruddms0127@naver.com,"2020-03-16 13:25:46"
111103000000,새문안로,3,서울특별시,1,ruddms0127@naver.com,"2020-03-16 13:25:46"
111103000000,새문안로,4,서울특별시,1,ruddms0127@naver.com,"2020-03-16 13:25:46"
111103000000,새문안로,5,서울특별시,1,ruddms0127@naver.com,"2020-03-16 13:25:46"
111103000000,세검정로,0,서울특별시,2,ruddms0127@naver.com,"2020-03-16 13:25:46"
111103000000,세검정로,1,서울특별시,1,ruddms0127@naver.com,"2020-03-16 13:25:46"
111103000000,세검정로,2,서울특별시,1,ruddms0127@naver.com,"2020-03-16 13:25:46"
111103000000,세검정로,3,서울특별시,1,ruddms0127@naver.com,"2020-03-16 13:25:46"
111103000000,수표로,0,서울특별시,2,ruddms0127@naver.com,"2020-03-16 13:25:46"
111103000000,수표로,1,서울특별시,1,ruddms0127@naver.com,"2020-03-16 13:25:46"
111103000000,수표로,2,서울특별시,1,ruddms0127@naver.com,"2020-03-16 13:25:46"
111103000000,수표로,3,서울특별시,1,ruddms0127@naver.com,"2020-03-16 13:25:46"
111103000000,수표로,4,서울특별시,1,ruddms0127@naver.com,"2020-03-16 13:25:46"
111103000000,지봉로,0,서울특별시,2,ruddms0127@naver.com,"2020-03-16 13:25:46"
111103000000,지봉로,1,서울특별시,1,ruddms0127@naver.com,"2020-03-16 13:25:46"
111103000000,지봉로,2,서울특별시,1,ruddms0127@naver.com,"2020-03-16 13:25:46"
111103000000,창경궁로,0,서울특별시,2,ruddms0127@naver.com,"2020-03-16 13:25:46"
111103000000,창경궁로,1,서울특별시,1,ruddms0127@naver.com,"2020-03-16 13:25:46"
111103000000,창경궁로,2,서울특별시,1,ruddms0127@naver.com,"2020-03-16 13:25:46"
111103000000,창경궁로,3,서울특별시,1,ruddms0127@naver.com,"2020-03-16 13:25:46"
111103000000,창경궁로,4,서울특별시,1,ruddms0127@naver.com,"2020-03-16 13:25:46"
111103000000,창경궁로,5,서울특별시,1,ruddms0127@naver.com,"2020-03-16 13:25:46"
111103000000,창경궁로,6,서울특별시,1,ruddms0127@naver.com,"2020-03-16 13:25:46"
111103000000,창경궁로,7,서울특별시,1,ruddms0127@naver.com,"2020-03-16 13:25:46"
111103000000,창경궁로,8,서울특별시,1,ruddms0127@naver.com,"2020-03-16 13:25:46"
111103000000,창경궁로,9,서울특별시,1,ruddms0127@naver.com,"2020-03-16 13:25:46"
111103000000,창경궁로,10,서울특별시,1,ruddms0127@naver.com,"2020-03-16 13:25:46"
111103000000,김상옥로,0,서울특별시,2,ruddms0127@naver.com,"2020-03-16 13:25:46"
111103000000,김상옥로,1,서울특별시,1,ruddms0127@naver.com,"2020-03-16 13:25:46"
111103000000,김상옥로,2,서울특별시,1,ruddms0127@naver.com,"2020-03-16 13:25:46"
111103000000,김상옥로,3,서울특별시,1,ruddms0127@naver.com,"2020-03-16 13:25:46"
111103000000,김상옥로,4,서울특별시,1,ruddms0127@naver.com,"2020-03-16 13:25:46"
111103000000,김상옥로,5,서울특별시,1,ruddms0127@naver.com,"2020-03-16 13:25:46"
111103000000,대학로,0,서울특별시,2,ruddms0127@naver.com,"2020-03-16 13:25:46"
111103000000,대학로,1,서울특별시,1,ruddms0127@naver.com,"2020-03-16 13:25:46"
111103000000,대학로,2,서울특별시,1,ruddms0127@naver.com,"2020-03-16 13:25:46"
111103000000,대학로,3,서울특별시,1,ruddms0127@naver.com,"2020-03-16 13:25:46"
111103000000,대학로,4,서울특별시,1,ruddms0127@naver.com,"2020-03-16 13:25:46"
111103000000,대학로,5,서울특별시,1,ruddms0127@naver.com,"2020-03-16 13:25:46"
111103000000,대학로,6,서울특별시,1,ruddms0127@naver.com,"2020-03-16 13:25:46"
111103000000,대학로,7,서울특별시,1,ruddms0127@naver.com,"2020-03-16 13:25:46"
111103000000,대학로,8,서울특별시,1,ruddms0127@naver.com,"2020-03-16 13:25:46"
111103000000,돈화문로,0,서울특별시,2,ruddms0127@naver.com,"2020-03-16 13:25:46"
111103000000,돈화문로,1,서울특별시,1,ruddms0127@naver.com,"2020-03-16 13:25:46"
111103000000,돈화문로,2,서울특별시,1,ruddms0127@naver.com,"2020-03-16 13:25:46"
111103000000,돈화문로,3,서울특별시,1,ruddms0127@naver.com,"2020-03-16 13:25:46"
111103000000,돈화문로,4,서울특별시,1,ruddms0127@naver.com,"2020-03-16 13:25:46"
111103000000,돈화문로,5,서울특별시,1,ruddms0127@naver.com,"2020-03-16 13:25:46"
111103000000,북촌로,0,서울특별시,2,ruddms0127@naver.com,"2020-03-16 13:25:46"
111103000000,북촌로,1,서울특별시,1,ruddms0127@naver.com,"2020-03-16 13:25:46"
111103000000,북촌로,2,서울특별시,1,ruddms0127@naver.com,"2020-03-16 13:25:46"
111103000000,북촌로,3,서울특별시,1,ruddms0127@naver.com,"2020-03-16 13:25:46"
111103000000,북촌로,4,서울특별시,1,ruddms0127@naver.com,"2020-03-16 13:25:46"
111103000000,북촌로,5,서울특별시,1,ruddms0127@naver.com,"2020-03-16 13:25:46"
111103000000,사직로,0,서울특별시,2,ruddms0127@naver.com,"2020-03-16 13:25:46"
111103000000,사직로,1,서울특별시,1,ruddms0127@naver.com,"2020-03-16 13:25:46"
111103000000,사직로,2,서울특별시,1,ruddms0127@naver.com,"2020-03-16 13:25:46"
111103000000,사직로,3,서울특별시,1,ruddms0127@naver.com,"2020-03-16 13:25:46"
111103000000,사직로,4,서울특별시,1,ruddms0127@naver.com,"2020-03-16 13:25:46"
111103000000,사직로,5,서울특별시,1,ruddms0127@naver.com,"2020-03-16 13:25:46"
111103000000,사직로,6,서울특별시,1,ruddms0127@naver.com,"2020-03-16 13:25:46"
111103000000,사직로,7,서울특별시,1,ruddms0127@naver.com,"2020-03-16 13:25:46"
111103000000,삼봉로,0,서울특별시,2,ruddms0127@naver.com,"2020-03-16 13:25:46"
111103000000,삼봉로,1,서울특별시,1,ruddms0127@naver.com,"2020-03-16 13:25:46"
111103000000,삼봉로,2,서울특별시,1,ruddms0127@naver.com,"2020-03-16 13:25:46"
111103000000,삼봉로,3,서울특별시,1,ruddms0127@naver.com,"2020-03-16 13:25:46"
111103000000,삼봉로,4,서울특별시,1,ruddms0127@naver.com,"2020-03-16 13:25:46"
111103000000,삼청로,0,서울특별시,2,ruddms0127@naver.com,"2020-03-16 13:25:46"
111103000000,삼청로,1,서울특별시,1,ruddms0127@naver.com,"2020-03-16 13:25:46"
111103000000,삼청로,2,서울특별시,1,ruddms0127@naver.com,"2020-03-16 13:25:46"
111103000000,삼청로,3,서울특별시,1,ruddms0127@naver.com,"2020-03-16 13:25:46"
111103000000,삼청로,4,서울특별시,1,ruddms0127@naver.com,"2020-03-16 13:25:46"
111103000000,삼청로,5,서울특별시,1,ruddms0127@naver.com,"2020-03-16 13:25:46"
111103000000,삼청로,6,서울특별시,1,ruddms0127@naver.com,"2020-03-16 13:25:46"
111103000000,성균관로,0,서울특별시,2,ruddms0127@naver.com,"2020-03-16 13:25:46"
111103000000,성균관로,1,서울특별시,1,ruddms0127@naver.com,"2020-03-16 13:25:46"
111103000000,성균관로,2,서울특별시,1,ruddms0127@naver.com,"2020-03-16 13:25:46"
111103000000,성균관로,3,서울특별시,1,ruddms0127@naver.com,"2020-03-16 13:25:46"
111103000000,성균관로,4,서울특별시,1,ruddms0127@naver.com,"2020-03-16 13:25:46"
111103000000,성균관로,5,서울특별시,1,ruddms0127@naver.com,"2020-03-16 13:25:46"
111103000000,우정국로,0,서울특별시,2,ruddms0127@naver.com,"2020-03-16 13:25:46"
111103000000,우정국로,1,서울특별시,1,ruddms0127@naver.com,"2020-03-16 13:25:46"
111103000000,우정국로,2,서울특별시,1,ruddms0127@naver.com,"2020-03-16 13:25:46"
111103000000,우정국로,3,서울특별시,1,ruddms0127@naver.com,"2020-03-16 13:25:46"
111103000000,우정국로,4,서울특별시,1,ruddms0127@naver.com,"2020-03-16 13:25:46"
111103000000,우정국로,5,서울특별시,1,ruddms0127@naver.com,"2020-03-16 13:25:46"
111103000000,우정국로,6,서울특별시,1,ruddms0127@naver.com,"2020-03-16 13:25:46"
111103000000,율곡로,0,서울특별시,2,ruddms0127@naver.com,"2020-03-16 13:25:46"
111103000000,율곡로,1,서울특별시,1,ruddms0127@naver.com,"2020-03-16 13:25:46"
111103000000,율곡로,2,서울특별시,1,ruddms0127@naver.com,"2020-03-16 13:25:46"
111103000000,율곡로,3,서울특별시,1,ruddms0127@naver.com,"2020-03-16 13:25:46"
111103000000,율곡로,4,서울특별시,1,ruddms0127@naver.com,"2020-03-16 13:25:46"
111103000000,율곡로,5,서울특별시,1,ruddms0127@naver.com,"2020-03-16 13:25:46"
111103000000,율곡로,6,서울특별시,1,ruddms0127@naver.com,"2020-03-16 13:25:46"
111103000000,율곡로,7,서울특별시,1,ruddms0127@naver.com,"2020-03-16 13:25:46"
111103000000,율곡로,8,서울특별시,1,ruddms0127@naver.com,"2020-03-16 13:25:46"
111103000000,율곡로,9,서울특별시,1,ruddms0127@naver.com,"2020-03-16 13:25:46"
111103000000,율곡로,10,서울특별시,1,ruddms0127@naver.com,"2020-03-16 13:25:46"
111103000000,율곡로,11,서울특별시,1,ruddms0127@naver.com,"2020-03-16 13:25:46"
111103000000,율곡로,12,서울특별시,1,ruddms0127@naver.com,"2020-03-16 13:25:46"
111103000000,율곡로,13,서울특별시,1,ruddms0127@naver.com,"2020-03-16 13:25:46"
111103000000,율곡로,14,서울특별시,1,ruddms0127@naver.com,"2020-03-16 13:25:46"
111103000000,율곡로,15,서울특별시,1,ruddms0127@naver.com,"2020-03-16 13:25:46"
111103000000,율곡로,16,서울특별시,1,ruddms0127@naver.com,"2020-03-16 13:25:46"
111103000000,율곡로,17,서울특별시,1,ruddms0127@naver.com,"2020-03-16 13:25:46"
111103000000,율곡로,18,서울특별시,1,ruddms0127@naver.com,"2020-03-16 13:25:46"
111103000000,율곡로,19,서울특별시,1,ruddms0127@naver.com,"2020-03-16 13:25:46"
111103000000,인왕산로,0,서울특별시,2,ruddms0127@naver.com,"2020-03-16 13:25:46"
111103000000,인왕산로,1,서울특별시,1,ruddms0127@naver.com,"2020-03-16 13:25:46"
111103000000,인왕산로,2,서울특별시,1,ruddms0127@naver.com,"2020-03-16 13:25:46"
111103000000,자하문로,0,서울특별시,2,ruddms0127@naver.com,"2020-03-16 13:25:46"
111103000000,자하문로,1,서울특별시,1,ruddms0127@naver.com,"2020-03-16 13:25:46"
111103000000,자하문로,2,서울특별시,1,ruddms0127@naver.com,"2020-03-16 13:25:46"
111103000000,자하문로,3,서울특별시,1,ruddms0127@naver.com,"2020-03-16 13:25:46"
111103000000,자하문로,4,서울특별시,1,ruddms0127@naver.com,"2020-03-16 13:25:46"
111103000000,자하문로,5,서울특별시,1,ruddms0127@naver.com,"2020-03-16 13:25:46"
111103000000,자하문로,6,서울특별시,1,ruddms0127@naver.com,"2020-03-16 13:25:46"
111103000000,자하문로,7,서울특별시,1,ruddms0127@naver.com,"2020-03-16 13:25:46"
111103000000,자하문로,8,서울특별시,1,ruddms0127@naver.com,"2020-03-16 13:25:46"
111103000000,자하문로,9,서울특별시,1,ruddms0127@naver.com,"2020-03-16 13:25:46"
111103000000,자하문로,10,서울특별시,1,ruddms0127@naver.com,"2020-03-16 13:25:46"
111103000000,자하문로,11,서울특별시,1,ruddms0127@naver.com,"2020-03-16 13:25:46"
111103000000,자하문로,12,서울특별시,1,ruddms0127@naver.com,"2020-03-16 13:25:46"
111103000000,자하문로,13,서울특별시,1,ruddms0127@naver.com,"2020-03-16 13:25:46"
111103000000,종로,0,서울특별시,2,ruddms0127@naver.com,"2020-03-16 13:25:46"
111103000000,종로,1,서울특별시,1,ruddms0127@naver.com,"2020-03-16 13:25:46"
111103000000,종로,2,서울특별시,1,ruddms0127@naver.com,"2020-03-16 13:25:46"
111103000000,종로,3,서울특별시,1,ruddms0127@naver.com,"2020-03-16 13:25:46"
111103000000,종로,4,서울특별시,1,ruddms0127@naver.com,"2020-03-16 13:25:46"
111103000000,종로,5,서울특별시,1,ruddms0127@naver.com,"2020-03-16 13:25:46"
111103000000,종로,6,서울특별시,1,ruddms0127@naver.com,"2020-03-16 13:25:46"
111103000000,종로,7,서울특별시,1,ruddms0127@naver.com,"2020-03-16 13:25:46"
111103000000,종로,8,서울특별시,1,ruddms0127@naver.com,"2020-03-16 13:25:46"
111103000000,종로,9,서울특별시,1,ruddms0127@naver.com,"2020-03-16 13:25:46"
111103000000,종로,10,서울특별시,1,ruddms0127@naver.com,"2020-03-16 13:25:46"
111103000000,종로,11,서울특별시,1,ruddms0127@naver.com,"2020-03-16 13:25:46"
111103000000,종로,12,서울특별시,1,ruddms0127@naver.com,"2020-03-16 13:25:46"
111103000000,종로,13,서울특별시,1,ruddms0127@naver.com,"2020-03-16 13:25:46"
111103000000,종로,14,서울특별시,1,ruddms0127@naver.com,"2020-03-16 13:25:46"
111103000000,종로,15,서울특별시,1,ruddms0127@naver.com,"2020-03-16 13:25:46"
111103000000,창의문로,0,서울특별시,2,ruddms0127@naver.com,"2020-03-16 13:25:46"
111103000000,창의문로,1,서울특별시,1,ruddms0127@naver.com,"2020-03-16 13:25:46"
111103000000,창의문로,2,서울특별시,1,ruddms0127@naver.com,"2020-03-16 13:25:46"
111103000000,창의문로,3,서울특별시,1,ruddms0127@naver.com,"2020-03-16 13:25:46"
111103000000,청와대로,0,서울특별시,2,ruddms0127@naver.com,"2020-03-16 13:25:46"
111103000000,청와대로,1,서울특별시,1,ruddms0127@naver.com,"2020-03-16 13:25:46"
111103000000,청와대로,2,서울특별시,1,ruddms0127@naver.com,"2020-03-16 13:25:46"
111103000000,효자로,0,서울특별시,2,ruddms0127@naver.com,"2020-03-16 13:25:46"
111103000000,효자로,1,서울특별시,1,ruddms0127@naver.com,"2020-03-16 13:25:46"
111103000000,효자로,2,서울특별시,1,ruddms0127@naver.com,"2020-03-16 13:25:46"
111103000000,효자로,3,서울특별시,1,ruddms0127@naver.com,"2020-03-16 13:25:46"
111103000000,효자로,4,서울특별시,1,ruddms0127@naver.com,"2020-03-16 13:25:46"
111103000000,효자로,5,서울특별시,1,ruddms0127@naver.com,"2020-03-16 13:25:46"
111103000000,효자로,6,서울특별시,1,ruddms0127@naver.com,"2020-03-16 13:25:46"
111103000000,난계로,0,서울특별시,2,ruddms0127@naver.com,"2020-03-16 13:25:46"
111103000000,난계로,1,서울특별시,1,ruddms0127@naver.com,"2020-03-16 13:25:46"
111103000000,북악산로,0,서울특별시,2,ruddms0127@naver.com,"2020-03-16 13:25:46"
111103000000,북악산로,1,서울특별시,1,ruddms0127@naver.com,"2020-03-16 13:25:46"
111103000000,북악산로,2,서울특별시,1,ruddms0127@naver.com,"2020-03-16 13:25:46"
111103000000,진흥로,0,서울특별시,2,ruddms0127@naver.com,"2020-03-16 13:25:46"
111103000000,진흥로,1,서울특별시,1,ruddms0127@naver.com,"2020-03-16 13:25:46"
111103000000,진흥로,2,서울특별시,1,ruddms0127@naver.com,"2020-03-16 13:25:46"
111103000000,청계천로,0,서울특별시,2,ruddms0127@naver.com,"2020-03-16 13:25:46"
111103000000,청계천로,1,서울특별시,1,ruddms0127@naver.com,"2020-03-16 13:25:46"
111103000000,청계천로,2,서울특별시,1,ruddms0127@naver.com,"2020-03-16 13:25:46"
111103000000,청계천로,3,서울특별시,1,ruddms0127@naver.com,"2020-03-16 13:25:46"
111103000000,청계천로,4,서울특별시,1,ruddms0127@naver.com,"2020-03-16 13:25:46"
111103000000,청계천로,5,서울특별시,1,ruddms0127@naver.com,"2020-03-16 13:25:46"
111103000000,청계천로,6,서울특별시,1,ruddms0127@naver.com,"2020-03-16 13:25:46"
111103000000,청계천로,7,서울특별시,1,ruddms0127@naver.com,"2020-03-16 13:25:46"
111103000000,청계천로,8,서울특별시,1,ruddms0127@naver.com,"2020-03-16 13:25:46"
111103000000,청계천로,9,서울특별시,1,ruddms0127@naver.com,"2020-03-16 13:25:46"
111103000000,청계천로,10,서울특별시,1,ruddms0127@naver.com,"2020-03-16 13:25:46"
111103000000,혜화로,0,서울특별시,2,ruddms0127@naver.com,"2020-03-16 13:25:46"
111103000000,혜화로,1,서울특별시,1,ruddms0127@naver.com,"2020-03-16 13:25:46"
111103000000,혜화로,2,서울특별시,1,ruddms0127@naver.com,"2020-03-16 13:25:46"
111103000000,혜화로,3,서울특별시,1,ruddms0127@naver.com,"2020-03-16 13:25:46"
111103000000,평창문화로,0,서울특별시,2,ruddms0127@naver.com,"2020-03-16 13:25:46"
111103000000,평창문화로,1,서울특별시,1,ruddms0127@naver.com,"2020-03-16 13:25:46"
111103000000,평창문화로,2,서울특별시,1,ruddms0127@naver.com,"2020-03-16 13:25:46"
111104000000,경교장1길,0,서울특별시,2,ruddms0127@naver.com,"2020-03-16 13:25:46"
111104000000,경교장1길,1,서울특별시,1,ruddms0127@naver.com,"2020-03-16 13:25:46"
111104000000,경교장1길,2,서울특별시,1,ruddms0127@naver.com,"2020-03-16 13:25:46"
111104000000,경교장1길,3,서울특별시,1,ruddms0127@naver.com,"2020-03-16 13:25:46"
111104000000,경교장길,0,서울특별시,2,ruddms0127@naver.com,"2020-03-16 13:25:46"
111104000000,경교장길,1,서울특별시,1,ruddms0127@naver.com,"2020-03-16 13:25:46"
111104000000,경교장길,2,서울특별시,1,ruddms0127@naver.com,"2020-03-16 13:25:46"
111104000000,경교장길,3,서울특별시,1,ruddms0127@naver.com,"2020-03-16 13:25:46"
111104000000,경희궁1가길,0,서울특별시,2,ruddms0127@naver.com,"2020-03-16 13:25:46"
111104000000,경희궁1가길,1,서울특별시,1,ruddms0127@naver.com,"2020-03-16 13:25:46"
111104000000,경희궁1길,0,서울특별시,2,ruddms0127@naver.com,"2020-03-16 13:25:46"
111104000000,경희궁1길,1,서울특별시,1,ruddms0127@naver.com,"2020-03-16 13:25:46"
111104000000,경희궁2길,0,서울특별시,2,ruddms0127@naver.com,"2020-03-16 13:25:46"
111104000000,경희궁2길,1,서울특별시,1,ruddms0127@naver.com,"2020-03-16 13:25:46"
111104000000,경희궁2길,2,서울특별시,1,ruddms0127@naver.com,"2020-03-16 13:25:46"
111104000000,경희궁3가길,0,서울특별시,2,ruddms0127@naver.com,"2020-03-16 13:25:46"
111104000000,경희궁3가길,1,서울특별시,1,ruddms0127@naver.com,"2020-03-16 13:25:46"
111104000000,경희궁3가길,2,서울특별시,1,ruddms0127@naver.com,"2020-03-16 13:25:46"
111104000000,경희궁3길,0,서울특별시,2,ruddms0127@naver.com,"2020-03-16 13:25:46"
111104000000,경희궁3길,1,서울특별시,1,ruddms0127@naver.com,"2020-03-16 13:25:46"
111104000000,경희궁3길,2,서울특별시,1,ruddms0127@naver.com,"2020-03-16 13:25:46"
111104000000,경희궁3나길,0,서울특별시,2,ruddms0127@naver.com,"2020-03-16 13:25:46"
111104000000,경희궁3나길,1,서울특별시,1,ruddms0127@naver.com,"2020-03-16 13:25:46"
111104000000,경희궁3나길,2,서울특별시,1,ruddms0127@naver.com,"2020-03-16 13:25:46"
111104000000,경희궁4길,0,서울특별시,2,ruddms0127@naver.com,"2020-03-16 13:25:46"
111104000000,경희궁4길,1,서울특별시,1,ruddms0127@naver.com,"2020-03-16 13:25:46"
111104000000,경희궁4길,2,서울특별시,1,ruddms0127@naver.com,"2020-03-16 13:25:46"
111104000000,경희궁길,0,서울특별시,2,ruddms0127@naver.com,"2020-03-16 13:25:46"
111104000000,경희궁길,1,서울특별시,1,ruddms0127@naver.com,"2020-03-16 13:25:46"
111104000000,경희궁길,2,서울특별시,1,ruddms0127@naver.com,"2020-03-16 13:25:46"
111104000000,경희궁길,3,서울특별시,1,ruddms0127@naver.com,"2020-03-16 13:25:46"
111104000000,계동2길,0,서울특별시,2,ruddms0127@naver.com,"2020-03-16 13:25:46"
111104000000,계동2길,1,서울특별시,1,ruddms0127@naver.com,"2020-03-16 13:25:46"
111104000000,계동4길,0,서울특별시,2,ruddms0127@naver.com,"2020-03-16 13:25:46"
111104000000,계동4길,1,서울특별시,1,ruddms0127@naver.com,"2020-03-16 13:25:46"
111104000000,계동6길,0,서울특별시,2,ruddms0127@naver.com,"2020-03-16 13:25:46"
111104000000,계동6길,1,서울특별시,1,ruddms0127@naver.com,"2020-03-16 13:25:46"
111104000000,계동길,0,서울특별시,2,ruddms0127@naver.com,"2020-03-16 13:25:46"
111104000000,계동길,1,서울특별시,1,ruddms0127@naver.com,"2020-03-16 13:25:46"
111104000000,계동길,2,서울특별시,1,ruddms0127@naver.com,"2020-03-16 13:25:46"
111104000000,낙산1길,0,서울특별시,2,ruddms0127@naver.com,"2020-03-16 13:25:46"
111104000000,낙산1길,1,서울특별시,1,ruddms0127@naver.com,"2020-03-16 13:25:46"
111104000000,낙산2길,0,서울특별시,2,ruddms0127@naver.com,"2020-03-16 13:25:46"
111104000000,낙산2길,1,서울특별시,1,ruddms0127@naver.com,"2020-03-16 13:25:46"
111104000000,낙산3길,0,서울특별시,2,ruddms0127@naver.com,"2020-03-16 13:25:46"
111104000000,낙산3길,1,서울특별시,1,ruddms0127@naver.com,"2020-03-16 13:25:46"
111104000000,낙산4길,0,서울특별시,2,ruddms0127@naver.com,"2020-03-16 13:25:46"
111104000000,낙산4길,1,서울특별시,1,ruddms0127@naver.com,"2020-03-16 13:25:46"
111104000000,낙산4길,2,서울특별시,1,ruddms0127@naver.com,"2020-03-16 13:25:46"
111104000000,낙산5길,0,서울특별시,2,ruddms0127@naver.com,"2020-03-16 13:25:46"
111104000000,낙산5길,1,서울특별시,1,ruddms0127@naver.com,"2020-03-16 13:25:46"
111104000000,낙산길,0,서울특별시,2,ruddms0127@naver.com,"2020-03-16 13:25:46"
111104000000,낙산길,1,서울특별시,1,ruddms0127@naver.com,"2020-03-16 13:25:46"
111104000000,낙산길,2,서울특별시,1,ruddms0127@naver.com,"2020-03-16 13:25:46"
111104000000,낙산길,3,서울특별시,1,ruddms0127@naver.com,"2020-03-16 13:25:46"
111104000000,낙산성곽1길,0,서울특별시,2,ruddms0127@naver.com,"2020-03-16 13:25:46"
111104000000,낙산성곽1길,1,서울특별시,1,ruddms0127@naver.com,"2020-03-16 13:25:46"
111104000000,낙산성곽길,0,서울특별시,2,ruddms0127@naver.com,"2020-03-16 13:25:46"
111104000000,낙산성곽길,1,서울특별시,1,ruddms0127@naver.com,"2020-03-16 13:25:46"
111104000000,낙산성곽동길,0,서울특별시,2,ruddms0127@naver.com,"2020-03-16 13:25:46"
111104000000,낙산성곽동길,1,서울특별시,1,ruddms0127@naver.com,"2020-03-16 13:25:46"
111104000000,낙산성곽서1길,0,서울특별시,2,ruddms0127@naver.com,"2020-03-16 13:25:46"
111104000000,낙산성곽서1길,1,서울특별시,1,ruddms0127@naver.com,"2020-03-16 13:25:46"
111104000000,낙산성곽서길,0,서울특별시,2,ruddms0127@naver.com,"2020-03-16 13:25:46"
111104000000,낙산성곽서길,1,서울특별시,1,ruddms0127@naver.com,"2020-03-16 13:25:46"
111104000000,낙산성곽서길,2,서울특별시,1,ruddms0127@naver.com,"2020-03-16 13:25:46"
111104000000,낙산성곽서길,3,서울특별시,1,ruddms0127@naver.com,"2020-03-16 13:25:46"
111104000000,낙산성곽서길,4,서울특별시,1,ruddms0127@naver.com,"2020-03-16 13:25:46"
111104000000,낙산성곽서길,5,서울특별시,1,ruddms0127@naver.com,"2020-03-16 13:25:46"
111104000000,난계로25길,0,서울특별시,2,ruddms0127@naver.com,"2020-03-16 13:25:46"
111104000000,난계로25길,1,서울특별시,1,ruddms0127@naver.com,"2020-03-16 13:25:46"
111104000000,난계로27길,0,서울특별시,2,ruddms0127@naver.com,"2020-03-16 13:25:46"
111104000000,난계로27길,1,서울특별시,1,ruddms0127@naver.com,"2020-03-16 13:25:46"
111104000000,난계로29가길,0,서울특별시,2,ruddms0127@naver.com,"2020-03-16 13:25:46"
111104000000,난계로29가길,1,서울특별시,1,ruddms0127@naver.com,"2020-03-16 13:25:46"
111104000000,난계로29길,0,서울특별시,2,ruddms0127@naver.com,"2020-03-16 13:25:46"
111104000000,난계로29길,1,서울특별시,1,ruddms0127@naver.com,"2020-03-16 13:25:46"
111104000000,대명1길,0,서울특별시,2,ruddms0127@naver.com,"2020-03-16 13:25:46"
111104000000,대명1길,1,서울특별시,1,ruddms0127@naver.com,"2020-03-16 13:25:46"
111104000000,대명길,0,서울특별시,2,ruddms0127@naver.com,"2020-03-16 13:25:46"
111104000000,대명길,1,서울특별시,1,ruddms0127@naver.com,"2020-03-16 13:25:46"
111104000000,대명길,2,서울특별시,1,ruddms0127@naver.com,"2020-03-16 13:25:46"
111104000000,대학로10길,0,서울특별시,2,ruddms0127@naver.com,"2020-03-16 13:25:46"
111104000000,대학로10길,1,서울특별시,1,ruddms0127@naver.com,"2020-03-16 13:25:46"
111104000000,대학로11길,0,서울특별시,2,ruddms0127@naver.com,"2020-03-16 13:25:46"
111104000000,대학로11길,1,서울특별시,1,ruddms0127@naver.com,"2020-03-16 13:25:46"
111104000000,대학로12길,0,서울특별시,2,ruddms0127@naver.com,"2020-03-16 13:25:46"
111104000000,대학로12길,1,서울특별시,1,ruddms0127@naver.com,"2020-03-16 13:25:46"
111104000000,대학로14길,0,서울특별시,2,ruddms0127@naver.com,"2020-03-16 13:25:46"
111104000000,대학로14길,1,서울특별시,1,ruddms0127@naver.com,"2020-03-16 13:25:46"
111104000000,대학로1길,0,서울특별시,2,ruddms0127@naver.com,"2020-03-16 13:25:46"
111104000000,대학로1길,1,서울특별시,1,ruddms0127@naver.com,"2020-03-16 13:25:46"
111104000000,대학로1길,2,서울특별시,1,ruddms0127@naver.com,"2020-03-16 13:25:46"
111104000000,대학로1길,3,서울특별시,1,ruddms0127@naver.com,"2020-03-16 13:25:46"
111104000000,대학로2길,0,서울특별시,2,ruddms0127@naver.com,"2020-03-16 13:25:46"
111104000000,대학로2길,1,서울특별시,1,ruddms0127@naver.com,"2020-03-16 13:25:46"
111104000000,대학로2길,2,서울특별시,1,ruddms0127@naver.com,"2020-03-16 13:25:46"
111104000000,대학로3길,0,서울특별시,2,ruddms0127@naver.com,"2020-03-16 13:25:46"
111104000000,대학로3길,1,서울특별시,1,ruddms0127@naver.com,"2020-03-16 13:25:46"
111104000000,대학로3길,2,서울특별시,1,ruddms0127@naver.com,"2020-03-16 13:25:46"
111104000000,대학로5가길,0,서울특별시,2,ruddms0127@naver.com,"2020-03-16 13:25:46"
111104000000,대학로5가길,1,서울특별시,1,ruddms0127@naver.com,"2020-03-16 13:25:46"
111104000000,대학로5길,0,서울특별시,2,ruddms0127@naver.com,"2020-03-16 13:25:46"
111104000000,대학로5길,1,서울특별시,1,ruddms0127@naver.com,"2020-03-16 13:25:46"
111104000000,대학로7길,0,서울특별시,2,ruddms0127@naver.com,"2020-03-16 13:25:46"
111104000000,대학로7길,1,서울특별시,1,ruddms0127@naver.com,"2020-03-16 13:25:46"
111104000000,대학로8가길,0,서울특별시,2,ruddms0127@naver.com,"2020-03-16 13:25:46"
111104000000,대학로8가길,1,서울특별시,1,ruddms0127@naver.com,"2020-03-16 13:25:46"
111104000000,대학로8길,0,서울특별시,2,ruddms0127@naver.com,"2020-03-16 13:25:46"
111104000000,대학로8길,1,서울특별시,1,ruddms0127@naver.com,"2020-03-16 13:25:46"
111104000000,대학로9가길,0,서울특별시,2,ruddms0127@naver.com,"2020-03-16 13:25:46"
111104000000,대학로9가길,1,서울특별시,1,ruddms0127@naver.com,"2020-03-16 13:25:46"
111104000000,대학로9길,0,서울특별시,2,ruddms0127@naver.com,"2020-03-16 13:25:46"
111104000000,대학로9길,1,서울특별시,1,ruddms0127@naver.com,"2020-03-16 13:25:46"
111104000000,돈화문로10가길,0,서울특별시,2,ruddms0127@naver.com,"2020-03-16 13:25:46"
111104000000,돈화문로10가길,1,서울특별시,1,ruddms0127@naver.com,"2020-03-16 13:25:46"
111104000000,돈화문로10길,0,서울특별시,2,ruddms0127@naver.com,"2020-03-16 13:25:46"
111104000000,돈화문로10길,1,서울특별시,1,ruddms0127@naver.com,"2020-03-16 13:25:46"
111104000000,돈화문로10길,2,서울특별시,1,ruddms0127@naver.com,"2020-03-16 13:25:46"
111104000000,돈화문로11가길,0,서울특별시,2,ruddms0127@naver.com,"2020-03-16 13:25:46"
111104000000,돈화문로11가길,1,서울특별시,1,ruddms0127@naver.com,"2020-03-16 13:25:46"
111104000000,돈화문로11가길,2,서울특별시,1,ruddms0127@naver.com,"2020-03-16 13:25:46"
111104000000,돈화문로11가길,3,서울특별시,1,ruddms0127@naver.com,"2020-03-16 13:25:46"
111104000000,돈화문로11가길,4,서울특별시,1,ruddms0127@naver.com,"2020-03-16 13:25:46"
111104000000,돈화문로11가길,5,서울특별시,1,ruddms0127@naver.com,"2020-03-16 13:25:46"
111104000000,돈화문로11길,0,서울특별시,2,ruddms0127@naver.com,"2020-03-16 13:25:46"
111104000000,돈화문로11길,1,서울특별시,1,ruddms0127@naver.com,"2020-03-16 13:25:46"
111104000000,돈화문로11길,2,서울특별시,1,ruddms0127@naver.com,"2020-03-16 13:25:46"
111104000000,돈화문로11길,3,서울특별시,1,ruddms0127@naver.com,"2020-03-16 13:25:46"
111104000000,돈화문로11나길,0,서울특별시,2,ruddms0127@naver.com,"2020-03-16 13:25:46"
111104000000,돈화문로11나길,1,서울특별시,1,ruddms0127@naver.com,"2020-03-16 13:25:46"
111104000000,돈화문로11나길,2,서울특별시,1,ruddms0127@naver.com,"2020-03-16 13:25:46"
111104000000,돈화문로11다길,0,서울특별시,2,ruddms0127@naver.com,"2020-03-16 13:25:46"
111104000000,돈화문로11다길,1,서울특별시,1,ruddms0127@naver.com,"2020-03-16 13:25:46"
111104000000,돈화문로11다길,2,서울특별시,1,ruddms0127@naver.com,"2020-03-16 13:25:46"
111104000000,돈화문로11다길,3,서울특별시,1,ruddms0127@naver.com,"2020-03-16 13:25:46"
111104000000,돈화문로2길,0,서울특별시,2,ruddms0127@naver.com,"2020-03-16 13:25:46"
111104000000,돈화문로2길,1,서울특별시,1,ruddms0127@naver.com,"2020-03-16 13:25:46"
111104000000,돈화문로4길,0,서울특별시,2,ruddms0127@naver.com,"2020-03-16 13:25:46"
111104000000,돈화문로4길,1,서울특별시,1,ruddms0127@naver.com,"2020-03-16 13:25:46"
111104000000,돈화문로4길,2,서울특별시,1,ruddms0127@naver.com,"2020-03-16 13:25:46"
111104000000,돈화문로5가길,0,서울특별시,2,ruddms0127@naver.com,"2020-03-16 13:25:46"
111104000000,돈화문로5가길,1,서울특별시,1,ruddms0127@naver.com,"2020-03-16 13:25:46"
111104000000,돈화문로5가길,2,서울특별시,1,ruddms0127@naver.com,"2020-03-16 13:25:46"
111104000000,돈화문로5길,0,서울특별시,2,ruddms0127@naver.com,"2020-03-16 13:25:46"
111104000000,돈화문로5길,1,서울특별시,1,ruddms0127@naver.com,"2020-03-16 13:25:46"
111104000000,돈화문로5길,2,서울특별시,1,ruddms0127@naver.com,"2020-03-16 13:25:46"
111104000000,돈화문로6가길,0,서울특별시,2,ruddms0127@naver.com,"2020-03-16 13:25:46"
111104000000,돈화문로6가길,1,서울특별시,1,ruddms0127@naver.com,"2020-03-16 13:25:46"
111104000000,돈화문로6가길,2,서울특별시,1,ruddms0127@naver.com,"2020-03-16 13:25:46"
111104000000,돈화문로6길,0,서울특별시,2,ruddms0127@naver.com,"2020-03-16 13:25:46"
111104000000,돈화문로6길,1,서울특별시,1,ruddms0127@naver.com,"2020-03-16 13:25:46"
111104000000,돈화문로6나길,0,서울특별시,2,ruddms0127@naver.com,"2020-03-16 13:25:46"
111104000000,돈화문로6나길,1,서울특별시,1,ruddms0127@naver.com,"2020-03-16 13:25:46"
111104000000,돈화문로8길,0,서울특별시,2,ruddms0127@naver.com,"2020-03-16 13:25:46"
111104000000,돈화문로8길,1,서울특별시,1,ruddms0127@naver.com,"2020-03-16 13:25:46"
111104000000,돈화문로9가길,0,서울특별시,2,ruddms0127@naver.com,"2020-03-16 13:25:46"
111104000000,돈화문로9가길,1,서울특별시,1,ruddms0127@naver.com,"2020-03-16 13:25:46"
111104000000,돈화문로9길,0,서울특별시,2,ruddms0127@naver.com,"2020-03-16 13:25:46"
111104000000,돈화문로9길,1,서울특별시,1,ruddms0127@naver.com,"2020-03-16 13:25:46"
111104000000,돈화문로9길,2,서울특별시,1,ruddms0127@naver.com,"2020-03-16 13:25:46"
111104000000,돈화문로9길,3,서울특별시,1,ruddms0127@naver.com,"2020-03-16 13:25:46"
111104000000,동망산1길,0,서울특별시,2,ruddms0127@naver.com,"2020-03-16 13:25:46"
111104000000,동망산1길,1,서울특별시,1,ruddms0127@naver.com,"2020-03-16 13:25:46"
111104000000,동망산길,0,서울특별시,2,ruddms0127@naver.com,"2020-03-16 13:25:46"
111104000000,동망산길,1,서울특별시,1,ruddms0127@naver.com,"2020-03-16 13:25:46"
111104000000,동망산길,2,서울특별시,1,ruddms0127@naver.com,"2020-03-16 13:25:46"
111104000000,동순라길,0,서울특별시,2,ruddms0127@naver.com,"2020-03-16 13:25:46"
111104000000,동순라길,1,서울특별시,1,ruddms0127@naver.com,"2020-03-16 13:25:46"
111104000000,동순라길,2,서울특별시,1,ruddms0127@naver.com,"2020-03-16 13:25:46"
111104000000,동숭1길,0,서울특별시,2,ruddms0127@naver.com,"2020-03-16 13:25:46"
111104000000,동숭1길,1,서울특별시,1,ruddms0127@naver.com,"2020-03-16 13:25:46"
111104000000,동숭2길,0,서울특별시,2,ruddms0127@naver.com,"2020-03-16 13:25:46"
111104000000,동숭2길,1,서울특별시,1,ruddms0127@naver.com,"2020-03-16 13:25:46"
111104000000,동숭3길,0,서울특별시,2,ruddms0127@naver.com,"2020-03-16 13:25:46"
111104000000,동숭3길,1,서울특별시,1,ruddms0127@naver.com,"2020-03-16 13:25:46"
111104000000,동숭4가길,0,서울특별시,2,ruddms0127@naver.com,"2020-03-16 13:25:46"
111104000000,동숭4가길,1,서울특별시,1,ruddms0127@naver.com,"2020-03-16 13:25:46"
111104000000,동숭4길,0,서울특별시,2,ruddms0127@naver.com,"2020-03-16 13:25:46"
111104000000,동숭4길,1,서울특별시,1,ruddms0127@naver.com,"2020-03-16 13:25:46"
111104000000,동숭4나길,0,서울특별시,2,ruddms0127@naver.com,"2020-03-16 13:25:46"
111104000000,동숭4나길,1,서울특별시,1,ruddms0127@naver.com,"2020-03-16 13:25:46"
111104000000,동숭4다길,0,서울특별시,2,ruddms0127@naver.com,"2020-03-16 13:25:46"
111104000000,동숭4다길,1,서울특별시,1,ruddms0127@naver.com,"2020-03-16 13:25:46"
111104000000,동숭4라길,0,서울특별시,2,ruddms0127@naver.com,"2020-03-16 13:25:46"
111104000000,동숭4라길,1,서울특별시,1,ruddms0127@naver.com,"2020-03-16 13:25:46"
111104000000,동숭길,0,서울특별시,2,ruddms0127@naver.com,"2020-03-16 13:25:46"
111104000000,동숭길,1,서울특별시,1,ruddms0127@naver.com,"2020-03-16 13:25:46"
111104000000,동숭길,2,서울특별시,1,ruddms0127@naver.com,"2020-03-16 13:25:46"
111104000000,동호로38길,0,서울특별시,2,ruddms0127@naver.com,"2020-03-16 13:25:46"
111104000000,동호로38길,1,서울특별시,1,ruddms0127@naver.com,"2020-03-16 13:25:46"
111104000000,명륜10길,0,서울특별시,2,ruddms0127@naver.com,"2020-03-16 13:25:46"
111104000000,명륜10길,1,서울특별시,1,ruddms0127@naver.com,"2020-03-16 13:25:46"
111104000000,명륜10길,2,서울특별시,1,ruddms0127@naver.com,"2020-03-16 13:25:46"
111104000000,명륜1길,0,서울특별시,2,ruddms0127@naver.com,"2020-03-16 13:25:46"
111104000000,명륜1길,1,서울특별시,1,ruddms0127@naver.com,"2020-03-16 13:25:46"
111104000000,명륜2길,0,서울특별시,2,ruddms0127@naver.com,"2020-03-16 13:25:46"
111104000000,명륜2길,1,서울특별시,1,ruddms0127@naver.com,"2020-03-16 13:25:46"
111104000000,명륜3길,0,서울특별시,2,ruddms0127@naver.com,"2020-03-16 13:25:46"
111104000000,명륜3길,1,서울특별시,1,ruddms0127@naver.com,"2020-03-16 13:25:46"
111104000000,명륜4가길,0,서울특별시,2,ruddms0127@naver.com,"2020-03-16 13:25:46"
111104000000,명륜4가길,1,서울특별시,1,ruddms0127@naver.com,"2020-03-16 13:25:46"
111104000000,명륜4길,0,서울특별시,2,ruddms0127@naver.com,"2020-03-16 13:25:46"
111104000000,명륜4길,1,서울특별시,1,ruddms0127@naver.com,"2020-03-16 13:25:46"
111104000000,명륜4나길,0,서울특별시,2,ruddms0127@naver.com,"2020-03-16 13:25:46"
111104000000,명륜4나길,1,서울특별시,1,ruddms0127@naver.com,"2020-03-16 13:25:46"
111104000000,명륜5길,0,서울특별시,2,ruddms0127@naver.com,"2020-03-16 13:25:46"
111104000000,명륜5길,1,서울특별시,1,ruddms0127@naver.com,"2020-03-16 13:25:46"
111104000000,명륜6길,0,서울특별시,2,ruddms0127@naver.com,"2020-03-16 13:25:46"
111104000000,명륜6길,1,서울특별시,1,ruddms0127@naver.com,"2020-03-16 13:25:46"
111104000000,명륜7길,0,서울특별시,2,ruddms0127@naver.com,"2020-03-16 13:25:46"
111104000000,명륜7길,1,서울특별시,1,ruddms0127@naver.com,"2020-03-16 13:25:46"
111104000000,명륜7길,2,서울특별시,1,ruddms0127@naver.com,"2020-03-16 13:25:46"
111104000000,명륜8길,0,서울특별시,2,ruddms0127@naver.com,"2020-03-16 13:25:46"
111104000000,명륜8길,1,서울특별시,1,ruddms0127@naver.com,"2020-03-16 13:25:46"
111104000000,명륜9길,0,서울특별시,2,ruddms0127@naver.com,"2020-03-16 13:25:46"
111104000000,명륜9길,1,서울특별시,1,ruddms0127@naver.com,"2020-03-16 13:25:46"
111104000000,명륜길,0,서울특별시,2,ruddms0127@naver.com,"2020-03-16 13:25:46"
111104000000,명륜길,1,서울특별시,1,ruddms0127@naver.com,"2020-03-16 13:25:46"
111104000000,명륜길,2,서울특별시,1,ruddms0127@naver.com,"2020-03-16 13:25:46"
111104000000,백석동1가길,0,서울특별시,2,ruddms0127@naver.com,"2020-03-16 13:25:46"
111104000000,백석동1가길,1,서울특별시,1,ruddms0127@naver.com,"2020-03-16 13:25:46"
111104000000,백석동1길,0,서울특별시,2,ruddms0127@naver.com,"2020-03-16 13:25:46"
111104000000,백석동1길,1,서울특별시,1,ruddms0127@naver.com,"2020-03-16 13:25:46"
111104000000,백석동2길,0,서울특별시,2,ruddms0127@naver.com,"2020-03-16 13:25:46"
111104000000,백석동2길,1,서울특별시,1,ruddms0127@naver.com,"2020-03-16 13:25:46"
111104000000,백석동3길,0,서울특별시,2,ruddms0127@naver.com,"2020-03-16 13:25:46"
111104000000,백석동3길,1,서울특별시,1,ruddms0127@naver.com,"2020-03-16 13:25:46"
111104000000,백석동길,0,서울특별시,2,ruddms0127@naver.com,"2020-03-16 13:25:46"
111104000000,백석동길,1,서울특별시,1,ruddms0127@naver.com,"2020-03-16 13:25:46"
111104000000,보문로1길,0,서울특별시,2,ruddms0127@naver.com,"2020-03-16 13:25:46"
111104000000,보문로1길,1,서울특별시,1,ruddms0127@naver.com,"2020-03-16 13:25:46"
111104000000,보문로3길,0,서울특별시,2,ruddms0127@naver.com,"2020-03-16 13:25:46"
111104000000,보문로3길,1,서울특별시,1,ruddms0127@naver.com,"2020-03-16 13:25:46"
111104000000,보문로5길,0,서울특별시,2,ruddms0127@naver.com,"2020-03-16 13:25:46"
111104000000,보문로5길,1,서울특별시,1,ruddms0127@naver.com,"2020-03-16 13:25:46"
111104000000,보문로7길,0,서울특별시,2,ruddms0127@naver.com,"2020-03-16 13:25:46"
111104000000,보문로7길,1,서울특별시,1,ruddms0127@naver.com,"2020-03-16 13:25:46"
111104000000,보문로9길,0,서울특별시,2,ruddms0127@naver.com,"2020-03-16 13:25:46"
111104000000,보문로9길,1,서울특별시,1,ruddms0127@naver.com,"2020-03-16 13:25:46"
111104000000,북촌로11가길,0,서울특별시,2,ruddms0127@naver.com,"2020-03-16 13:25:46"
111104000000,북촌로11가길,1,서울특별시,1,ruddms0127@naver.com,"2020-03-16 13:25:46"
111104000000,북촌로11길,0,서울특별시,2,ruddms0127@naver.com,"2020-03-16 13:25:46"
111104000000,북촌로11길,1,서울특별시,1,ruddms0127@naver.com,"2020-03-16 13:25:46"
111104000000,북촌로11길,2,서울특별시,1,ruddms0127@naver.com,"2020-03-16 13:25:46"
111104000000,북촌로11길,3,서울특별시,1,ruddms0127@naver.com,"2020-03-16 13:25:46"
111104000000,북촌로11나길,0,서울특별시,2,ruddms0127@naver.com,"2020-03-16 13:25:46"
111104000000,북촌로11나길,1,서울특별시,1,ruddms0127@naver.com,"2020-03-16 13:25:46"
111104000000,북촌로11나길,2,서울특별시,1,ruddms0127@naver.com,"2020-03-16 13:25:46"
111104000000,북촌로11나길,3,서울특별시,1,ruddms0127@naver.com,"2020-03-16 13:25:46"
111104000000,북촌로11다길,0,서울특별시,2,ruddms0127@naver.com,"2020-03-16 13:25:46"
111104000000,북촌로11다길,1,서울특별시,1,ruddms0127@naver.com,"2020-03-16 13:25:46"
111104000000,북촌로11라길,0,서울특별시,2,ruddms0127@naver.com,"2020-03-16 13:25:46"
111104000000,북촌로11라길,1,서울특별시,1,ruddms0127@naver.com,"2020-03-16 13:25:46"
111104000000,북촌로11라길,2,서울특별시,1,ruddms0127@naver.com,"2020-03-16 13:25:46"
111104000000,북촌로12길,0,서울특별시,2,ruddms0127@naver.com,"2020-03-16 13:25:46"
111104000000,북촌로12길,1,서울특별시,1,ruddms0127@naver.com,"2020-03-16 13:25:46"
111104000000,북촌로12길,2,서울특별시,1,ruddms0127@naver.com,"2020-03-16 13:25:46"
111104000000,북촌로15길,0,서울특별시,2,ruddms0127@naver.com,"2020-03-16 13:25:46"
111104000000,북촌로15길,1,서울특별시,1,ruddms0127@naver.com,"2020-03-16 13:25:46"
111104000000,북촌로1길,0,서울특별시,2,ruddms0127@naver.com,"2020-03-16 13:25:46"
111104000000,북촌로1길,1,서울특별시,1,ruddms0127@naver.com,"2020-03-16 13:25:46"
111104000000,북촌로1길,2,서울특별시,1,ruddms0127@naver.com,"2020-03-16 13:25:46"
111104000000,북촌로2길,0,서울특별시,2,ruddms0127@naver.com,"2020-03-16 13:25:46"
111104000000,북촌로2길,1,서울특별시,1,ruddms0127@naver.com,"2020-03-16 13:25:46"
111104000000,북촌로4길,0,서울특별시,2,ruddms0127@naver.com,"2020-03-16 13:25:46"
111104000000,북촌로4길,1,서울특별시,1,ruddms0127@naver.com,"2020-03-16 13:25:46"
111104000000,북촌로4길,2,서울특별시,1,ruddms0127@naver.com,"2020-03-16 13:25:46"
111104000000,북촌로4길,3,서울특별시,1,ruddms0127@naver.com,"2020-03-16 13:25:46"
111104000000,북촌로5가길,0,서울특별시,2,ruddms0127@naver.com,"2020-03-16 13:25:46"
111104000000,북촌로5가길,1,서울특별시,1,ruddms0127@naver.com,"2020-03-16 13:25:46"
111104000000,북촌로5가길,2,서울특별시,1,ruddms0127@naver.com,"2020-03-16 13:25:46"
111104000000,북촌로5길,0,서울특별시,2,ruddms0127@naver.com,"2020-03-16 13:25:46"
111104000000,북촌로5길,1,서울특별시,1,ruddms0127@naver.com,"2020-03-16 13:25:46"
111104000000,북촌로5길,2,서울특별시,1,ruddms0127@naver.com,"2020-03-16 13:25:46"
111104000000,북촌로5길,3,서울특별시,1,ruddms0127@naver.com,"2020-03-16 13:25:46"
111104000000,북촌로5길,4,서울특별시,1,ruddms0127@naver.com,"2020-03-16 13:25:46"
111104000000,북촌로5나길,0,서울특별시,2,ruddms0127@naver.com,"2020-03-16 13:25:46"
111104000000,북촌로5나길,1,서울특별시,1,ruddms0127@naver.com,"2020-03-16 13:25:46"
111104000000,북촌로5나길,2,서울특별시,1,ruddms0127@naver.com,"2020-03-16 13:25:46"
111104000000,북촌로6길,0,서울특별시,2,ruddms0127@naver.com,"2020-03-16 13:25:46"
111104000000,북촌로6길,1,서울특별시,1,ruddms0127@naver.com,"2020-03-16 13:25:46"
111104000000,북촌로6길,2,서울특별시,1,ruddms0127@naver.com,"2020-03-16 13:25:46"
111104000000,북촌로7길,0,서울특별시,2,ruddms0127@naver.com,"2020-03-16 13:25:46"
111104000000,북촌로7길,1,서울특별시,1,ruddms0127@naver.com,"2020-03-16 13:25:46"
111104000000,북촌로8길,0,서울특별시,2,ruddms0127@naver.com,"2020-03-16 13:25:46"
111104000000,북촌로8길,1,서울특별시,1,ruddms0127@naver.com,"2020-03-16 13:25:46"
111104000000,북촌로8길,2,서울특별시,1,ruddms0127@naver.com,"2020-03-16 13:25:46"
111104000000,북촌로9길,0,서울특별시,2,ruddms0127@naver.com,"2020-03-16 13:25:46"
111104000000,북촌로9길,1,서울특별시,1,ruddms0127@naver.com,"2020-03-16 13:25:46"
111104000000,비봉1길,0,서울특별시,2,ruddms0127@naver.com,"2020-03-16 13:25:46"
111104000000,비봉1길,1,서울특별시,1,ruddms0127@naver.com,"2020-03-16 13:25:46"
111104000000,비봉2길,0,서울특별시,2,ruddms0127@naver.com,"2020-03-16 13:25:46"
111104000000,비봉2길,1,서울특별시,1,ruddms0127@naver.com,"2020-03-16 13:25:46"
111104000000,비봉4길,0,서울특별시,2,ruddms0127@naver.com,"2020-03-16 13:25:46"
111104000000,비봉4길,1,서울특별시,1,ruddms0127@naver.com,"2020-03-16 13:25:46"
111104000000,비봉5길,0,서울특별시,2,ruddms0127@naver.com,"2020-03-16 13:25:46"
111104000000,비봉5길,1,서울특별시,1,ruddms0127@naver.com,"2020-03-16 13:25:46"
111104000000,비봉길,0,서울특별시,2,ruddms0127@naver.com,"2020-03-16 13:25:46"
111104000000,비봉길,1,서울특별시,1,ruddms0127@naver.com,"2020-03-16 13:25:46"
111104000000,사직로10길,0,서울특별시,2,ruddms0127@naver.com,"2020-03-16 13:25:46"
111104000000,사직로10길,1,서울특별시,1,ruddms0127@naver.com,"2020-03-16 13:25:46"
111104000000,사직로10길,2,서울특별시,1,ruddms0127@naver.com,"2020-03-16 13:25:46"
111104000000,사직로12길,0,서울특별시,2,ruddms0127@naver.com,"2020-03-16 13:25:46"
111104000000,사직로12길,1,서울특별시,1,ruddms0127@naver.com,"2020-03-16 13:25:46"
111104000000,사직로1가길,0,서울특별시,2,ruddms0127@naver.com,"2020-03-16 13:25:46"
111104000000,사직로1가길,1,서울특별시,1,ruddms0127@naver.com,"2020-03-16 13:25:46"
111104000000,사직로1길,0,서울특별시,2,ruddms0127@naver.com,"2020-03-16 13:25:46"
111104000000,사직로1길,1,서울특별시,1,ruddms0127@naver.com,"2020-03-16 13:25:46"
111104000000,사직로1나길,0,서울특별시,2,ruddms0127@naver.com,"2020-03-16 13:25:46"
111104000000,사직로1나길,1,서울특별시,1,ruddms0127@naver.com,"2020-03-16 13:25:46"
111104000000,사직로1다길,0,서울특별시,2,ruddms0127@naver.com,"2020-03-16 13:25:46"
111104000000,사직로1다길,1,서울특별시,1,ruddms0127@naver.com,"2020-03-16 13:25:46"
111104000000,사직로1라길,0,서울특별시,2,ruddms0127@naver.com,"2020-03-16 13:25:46"
111104000000,사직로1라길,1,서울특별시,1,ruddms0127@naver.com,"2020-03-16 13:25:46"
111104000000,사직로1마길,0,서울특별시,2,ruddms0127@naver.com,"2020-03-16 13:25:46"
111104000000,사직로1마길,1,서울특별시,1,ruddms0127@naver.com,"2020-03-16 13:25:46"
111104000000,사직로2길,0,서울특별시,2,ruddms0127@naver.com,"2020-03-16 13:25:46"
111104000000,사직로2길,1,서울특별시,1,ruddms0127@naver.com,"2020-03-16 13:25:46"
111104000000,사직로5길,0,서울특별시,2,ruddms0127@naver.com,"2020-03-16 13:25:46"
111104000000,사직로5길,1,서울특별시,1,ruddms0127@naver.com,"2020-03-16 13:25:46"
111104000000,사직로6길,0,서울특별시,2,ruddms0127@naver.com,"2020-03-16 13:25:46"
111104000000,사직로6길,1,서울특별시,1,ruddms0127@naver.com,"2020-03-16 13:25:46"
111104000000,사직로6길,2,서울특별시,1,ruddms0127@naver.com,"2020-03-16 13:25:46"
111104000000,사직로7길,0,서울특별시,2,ruddms0127@naver.com,"2020-03-16 13:25:46"
111104000000,사직로7길,1,서울특별시,1,ruddms0127@naver.com,"2020-03-16 13:25:46"
111104000000,사직로8길,0,서울특별시,2,ruddms0127@naver.com,"2020-03-16 13:25:46"
111104000000,사직로8길,1,서울특별시,1,ruddms0127@naver.com,"2020-03-16 13:25:46"
111104000000,사직로8길,2,서울특별시,1,ruddms0127@naver.com,"2020-03-16 13:25:46"
111104000000,사직로8길,3,서울특별시,1,ruddms0127@naver.com,"2020-03-16 13:25:46"
111104000000,사직로8길,4,서울특별시,1,ruddms0127@naver.com,"2020-03-16 13:25:46"
111104000000,사직로8길,5,서울특별시,1,ruddms0127@naver.com,"2020-03-16 13:25:46"
111104000000,사직로8길,6,서울특별시,1,ruddms0127@naver.com,"2020-03-16 13:25:46"
111104000000,사직로8길,7,서울특별시,1,ruddms0127@naver.com,"2020-03-16 13:25:46"
111104000000,사직로9가길,0,서울특별시,2,ruddms0127@naver.com,"2020-03-16 13:25:46"
111104000000,사직로9가길,1,서울특별시,1,ruddms0127@naver.com,"2020-03-16 13:25:46"
111104000000,사직로9길,0,서울특별시,2,ruddms0127@naver.com,"2020-03-16 13:25:46"
111104000000,사직로9길,1,서울특별시,1,ruddms0127@naver.com,"2020-03-16 13:25:46"
111104000000,사직로9길,2,서울특별시,1,ruddms0127@naver.com,"2020-03-16 13:25:46"
111104000000,삼일대로15길,0,서울특별시,2,ruddms0127@naver.com,"2020-03-16 13:25:46"
111104000000,삼일대로15길,1,서울특별시,1,ruddms0127@naver.com,"2020-03-16 13:25:46"
111104000000,삼일대로17길,0,서울특별시,2,ruddms0127@naver.com,"2020-03-16 13:25:46"
111104000000,삼일대로17길,1,서울특별시,1,ruddms0127@naver.com,"2020-03-16 13:25:46"
111104000000,삼일대로19길,0,서울특별시,2,ruddms0127@naver.com,"2020-03-16 13:25:46"
111104000000,삼일대로19길,1,서울특별시,1,ruddms0127@naver.com,"2020-03-16 13:25:46"
111104000000,삼일대로20길,0,서울특별시,2,ruddms0127@naver.com,"2020-03-16 13:25:46"
111104000000,삼일대로20길,1,서울특별시,1,ruddms0127@naver.com,"2020-03-16 13:25:46"
111104000000,삼일대로20길,2,서울특별시,1,ruddms0127@naver.com,"2020-03-16 13:25:46"
111104000000,삼일대로26길,0,서울특별시,2,ruddms0127@naver.com,"2020-03-16 13:25:46"
111104000000,삼일대로26길,1,서울특별시,1,ruddms0127@naver.com,"2020-03-16 13:25:46"
111104000000,삼일대로28길,0,서울특별시,2,ruddms0127@naver.com,"2020-03-16 13:25:46"
111104000000,삼일대로28길,1,서울특별시,1,ruddms0127@naver.com,"2020-03-16 13:25:46"
111104000000,삼일대로30길,0,서울특별시,2,ruddms0127@naver.com,"2020-03-16 13:25:46"
111104000000,삼일대로30길,1,서울특별시,1,ruddms0127@naver.com,"2020-03-16 13:25:46"
111104000000,삼일대로30길,2,서울특별시,1,ruddms0127@naver.com,"2020-03-16 13:25:46"
111104000000,삼일대로30길,3,서울특별시,1,ruddms0127@naver.com,"2020-03-16 13:25:46"
111104000000,삼일대로32가길,0,서울특별시,2,ruddms0127@naver.com,"2020-03-16 13:25:46"
111104000000,삼일대로32가길,1,서울특별시,1,ruddms0127@naver.com,"2020-03-16 13:25:46"
111104000000,삼일대로32길,0,서울특별시,2,ruddms0127@naver.com,"2020-03-16 13:25:46"
111104000000,삼일대로32길,1,서울특별시,1,ruddms0127@naver.com,"2020-03-16 13:25:46"
111104000000,삼일대로32길,2,서울특별시,1,ruddms0127@naver.com,"2020-03-16 13:25:46"
111104000000,삼일대로32길,3,서울특별시,1,ruddms0127@naver.com,"2020-03-16 13:25:46"
111104000000,삼청로10길,0,서울특별시,2,ruddms0127@naver.com,"2020-03-16 13:25:46"
111104000000,삼청로10길,1,서울특별시,1,ruddms0127@naver.com,"2020-03-16 13:25:46"
111104000000,삼청로11길,0,서울특별시,2,ruddms0127@naver.com,"2020-03-16 13:25:46"
111104000000,삼청로11길,1,서울특별시,1,ruddms0127@naver.com,"2020-03-16 13:25:46"
111104000000,삼청로2길,0,서울특별시,2,ruddms0127@naver.com,"2020-03-16 13:25:46"
111104000000,삼청로2길,1,서울특별시,1,ruddms0127@naver.com,"2020-03-16 13:25:46"
111104000000,삼청로4길,0,서울특별시,2,ruddms0127@naver.com,"2020-03-16 13:25:46"
111104000000,삼청로4길,1,서울특별시,1,ruddms0127@naver.com,"2020-03-16 13:25:46"
111104000000,삼청로4길,2,서울특별시,1,ruddms0127@naver.com,"2020-03-16 13:25:46"
111104000000,삼청로5길,0,서울특별시,2,ruddms0127@naver.com,"2020-03-16 13:25:46"
111104000000,삼청로5길,1,서울특별시,1,ruddms0127@naver.com,"2020-03-16 13:25:46"
111104000000,삼청로7가길,0,서울특별시,2,ruddms0127@naver.com,"2020-03-16 13:25:46"
111104000000,삼청로7가길,1,서울특별시,1,ruddms0127@naver.com,"2020-03-16 13:25:46"
111104000000,삼청로7가길,2,서울특별시,1,ruddms0127@naver.com,"2020-03-16 13:25:46"
111104000000,삼청로7길,0,서울특별시,2,ruddms0127@naver.com,"2020-03-16 13:25:46"
111104000000,삼청로7길,1,서울특별시,1,ruddms0127@naver.com,"2020-03-16 13:25:46"
111104000000,삼청로7길,2,서울특별시,1,ruddms0127@naver.com,"2020-03-16 13:25:46"
111104000000,삼청로7나길,0,서울특별시,2,ruddms0127@naver.com,"2020-03-16 13:25:46"
111104000000,삼청로7나길,1,서울특별시,1,ruddms0127@naver.com,"2020-03-16 13:25:46"
111104000000,삼청로9길,0,서울특별시,2,ruddms0127@naver.com,"2020-03-16 13:25:46"
111104000000,삼청로9길,1,서울특별시,1,ruddms0127@naver.com,"2020-03-16 13:25:46"
111104000000,새문안로2길,0,서울특별시,2,ruddms0127@naver.com,"2020-03-16 13:25:46"
111104000000,새문안로2길,1,서울특별시,1,ruddms0127@naver.com,"2020-03-16 13:25:46"
111104000000,새문안로2길,2,서울특별시,1,ruddms0127@naver.com,"2020-03-16 13:25:46"
111104000000,새문안로3길,0,서울특별시,2,ruddms0127@naver.com,"2020-03-16 13:25:46"
111104000000,새문안로3길,1,서울특별시,1,ruddms0127@naver.com,"2020-03-16 13:25:46"
111104000000,새문안로3길,2,서울특별시,1,ruddms0127@naver.com,"2020-03-16 13:25:46"
111104000000,새문안로3길,3,서울특별시,1,ruddms0127@naver.com,"2020-03-16 13:25:46"
111104000000,새문안로5가길,0,서울특별시,2,ruddms0127@naver.com,"2020-03-16 13:25:46"
111104000000,새문안로5가길,1,서울특별시,1,ruddms0127@naver.com,"2020-03-16 13:25:46"
111104000000,새문안로5가길,2,서울특별시,1,ruddms0127@naver.com,"2020-03-16 13:25:46"
111104000000,새문안로5가길,3,서울특별시,1,ruddms0127@naver.com,"2020-03-16 13:25:46"
111104000000,새문안로5가길,4,서울특별시,1,ruddms0127@naver.com,"2020-03-16 13:25:46"
111104000000,새문안로5가길,5,서울특별시,1,ruddms0127@naver.com,"2020-03-16 13:25:46"
111104000000,새문안로5길,0,서울특별시,2,ruddms0127@naver.com,"2020-03-16 13:25:46"
111104000000,새문안로5길,1,서울특별시,1,ruddms0127@naver.com,"2020-03-16 13:25:46"
111104000000,새문안로5길,2,서울특별시,1,ruddms0127@naver.com,"2020-03-16 13:25:46"
111104000000,새문안로5길,3,서울특별시,1,ruddms0127@naver.com,"2020-03-16 13:25:46"
111104000000,새문안로5길,4,서울특별시,1,ruddms0127@naver.com,"2020-03-16 13:25:46"
111104000000,새문안로7길,0,서울특별시,2,ruddms0127@naver.com,"2020-03-16 13:25:46"
111104000000,새문안로7길,1,서울특별시,1,ruddms0127@naver.com,"2020-03-16 13:25:46"
111104000000,새문안로7길,2,서울특별시,1,ruddms0127@naver.com,"2020-03-16 13:25:46"
111104000000,새문안로9길,0,서울특별시,2,ruddms0127@naver.com,"2020-03-16 13:25:46"
111104000000,새문안로9길,1,서울특별시,1,ruddms0127@naver.com,"2020-03-16 13:25:46"
111104000000,새문안로9길,2,서울특별시,1,ruddms0127@naver.com,"2020-03-16 13:25:46"
111104000000,새문안로9길,3,서울특별시,1,ruddms0127@naver.com,"2020-03-16 13:25:46"
111104000000,새문안로9길,4,서울특별시,1,ruddms0127@naver.com,"2020-03-16 13:25:46"
111104000000,서순라길,0,서울특별시,2,ruddms0127@naver.com,"2020-03-16 13:25:46"
111104000000,서순라길,1,서울특별시,1,ruddms0127@naver.com,"2020-03-16 13:25:46"
111104000000,서순라길,2,서울특별시,1,ruddms0127@naver.com,"2020-03-16 13:25:46"
111104000000,서순라길,3,서울특별시,1,ruddms0127@naver.com,"2020-03-16 13:25:46"
111104000000,성균관로10길,0,서울특별시,2,ruddms0127@naver.com,"2020-03-16 13:25:46"
111104000000,성균관로10길,1,서울특별시,1,ruddms0127@naver.com,"2020-03-16 13:25:46"
111104000000,성균관로13길,0,서울특별시,2,ruddms0127@naver.com,"2020-03-16 13:25:46"
111104000000,성균관로13길,1,서울특별시,1,ruddms0127@naver.com,"2020-03-16 13:25:46"
111104000000,성균관로13길,2,서울특별시,1,ruddms0127@naver.com,"2020-03-16 13:25:46"
111104000000,성균관로14길,0,서울특별시,2,ruddms0127@naver.com,"2020-03-16 13:25:46"
111104000000,성균관로14길,1,서울특별시,1,ruddms0127@naver.com,"2020-03-16 13:25:46"
111104000000,성균관로15가길,0,서울특별시,2,ruddms0127@naver.com,"2020-03-16 13:25:46"
111104000000,성균관로15가길,1,서울특별시,1,ruddms0127@naver.com,"2020-03-16 13:25:46"
111104000000,성균관로15길,0,서울특별시,2,ruddms0127@naver.com,"2020-03-16 13:25:46"
111104000000,성균관로15길,1,서울특별시,1,ruddms0127@naver.com,"2020-03-16 13:25:46"
111104000000,성균관로15길,2,서울특별시,1,ruddms0127@naver.com,"2020-03-16 13:25:46"
111104000000,성균관로15나길,0,서울특별시,2,ruddms0127@naver.com,"2020-03-16 13:25:46"
111104000000,성균관로15나길,1,서울특별시,1,ruddms0127@naver.com,"2020-03-16 13:25:46"
111104000000,성균관로16길,0,서울특별시,2,ruddms0127@naver.com,"2020-03-16 13:25:46"
111104000000,성균관로16길,1,서울특별시,1,ruddms0127@naver.com,"2020-03-16 13:25:46"
111104000000,성균관로17길,0,서울특별시,2,ruddms0127@naver.com,"2020-03-16 13:25:46"
111104000000,성균관로17길,1,서울특별시,1,ruddms0127@naver.com,"2020-03-16 13:25:46"
111104000000,성균관로1길,0,서울특별시,2,ruddms0127@naver.com,"2020-03-16 13:25:46"
111104000000,성균관로1길,1,서울특별시,1,ruddms0127@naver.com,"2020-03-16 13:25:46"
111104000000,성균관로3길,0,서울특별시,2,ruddms0127@naver.com,"2020-03-16 13:25:46"
111104000000,성균관로3길,1,서울특별시,1,ruddms0127@naver.com,"2020-03-16 13:25:46"
111104000000,성균관로4길,0,서울특별시,2,ruddms0127@naver.com,"2020-03-16 13:25:46"
111104000000,성균관로4길,1,서울특별시,1,ruddms0127@naver.com,"2020-03-16 13:25:46"
111104000000,성균관로5가길,0,서울특별시,2,ruddms0127@naver.com,"2020-03-16 13:25:46"
111104000000,성균관로5가길,1,서울특별시,1,ruddms0127@naver.com,"2020-03-16 13:25:46"
111104000000,성균관로5길,0,서울특별시,2,ruddms0127@naver.com,"2020-03-16 13:25:46"
111104000000,성균관로5길,1,서울특별시,1,ruddms0127@naver.com,"2020-03-16 13:25:46"
111104000000,성균관로5길,2,서울특별시,1,ruddms0127@naver.com,"2020-03-16 13:25:46"
111104000000,성균관로5길,3,서울특별시,1,ruddms0127@naver.com,"2020-03-16 13:25:46"
111104000000,성균관로6길,0,서울특별시,2,ruddms0127@naver.com,"2020-03-16 13:25:46"
111104000000,성균관로6길,1,서울특별시,1,ruddms0127@naver.com,"2020-03-16 13:25:46"
111104000000,성균관로7길,0,서울특별시,2,ruddms0127@naver.com,"2020-03-16 13:25:46"
111104000000,성균관로7길,1,서울특별시,1,ruddms0127@naver.com,"2020-03-16 13:25:46"
111104000000,성균관로9길,0,서울특별시,2,ruddms0127@naver.com,"2020-03-16 13:25:46"
111104000000,성균관로9길,1,서울특별시,1,ruddms0127@naver.com,"2020-03-16 13:25:46"
111104000000,성균관로9길,2,서울특별시,1,ruddms0127@naver.com,"2020-03-16 13:25:46"
111104000000,세검정로6가길,0,서울특별시,2,ruddms0127@naver.com,"2020-03-16 13:25:46"
111104000000,세검정로6가길,1,서울특별시,1,ruddms0127@naver.com,"2020-03-16 13:25:46"
111104000000,세검정로6길,0,서울특별시,2,ruddms0127@naver.com,"2020-03-16 13:25:46"
111104000000,세검정로6길,1,서울특별시,1,ruddms0127@naver.com,"2020-03-16 13:25:46"
111104000000,세검정로6길,2,서울특별시,1,ruddms0127@naver.com,"2020-03-16 13:25:46"
111104000000,세검정로6나길,0,서울특별시,2,ruddms0127@naver.com,"2020-03-16 13:25:46"
111104000000,세검정로6나길,1,서울특별시,1,ruddms0127@naver.com,"2020-03-16 13:25:46"
111104000000,세검정로6다길,0,서울특별시,2,ruddms0127@naver.com,"2020-03-16 13:25:46"
111104000000,세검정로6다길,1,서울특별시,1,ruddms0127@naver.com,"2020-03-16 13:25:46"
111104000000,세검정로6다길,2,서울특별시,1,ruddms0127@naver.com,"2020-03-16 13:25:46"
111104000000,세검정로6라길,0,서울특별시,2,ruddms0127@naver.com,"2020-03-16 13:25:46"
111104000000,세검정로6라길,1,서울특별시,1,ruddms0127@naver.com,"2020-03-16 13:25:46"
111104000000,세검정로7가길,0,서울특별시,2,ruddms0127@naver.com,"2020-03-16 13:25:46"
111104000000,세검정로7가길,1,서울특별시,1,ruddms0127@naver.com,"2020-03-16 13:25:46"
111104000000,세검정로7길,0,서울특별시,2,ruddms0127@naver.com,"2020-03-16 13:25:46"
111104000000,세검정로7길,1,서울특별시,1,ruddms0127@naver.com,"2020-03-16 13:25:46"
111104000000,세검정로7나길,0,서울특별시,2,ruddms0127@naver.com,"2020-03-16 13:25:46"
111104000000,세검정로7나길,1,서울특별시,1,ruddms0127@naver.com,"2020-03-16 13:25:46"
111104000000,세검정로7나길,2,서울특별시,1,ruddms0127@naver.com,"2020-03-16 13:25:46"
111104000000,세검정로9길,0,서울특별시,2,ruddms0127@naver.com,"2020-03-16 13:25:46"
111104000000,세검정로9길,1,서울특별시,1,ruddms0127@naver.com,"2020-03-16 13:25:46"
111104000000,세검정로9길,2,서울특별시,1,ruddms0127@naver.com,"2020-03-16 13:25:46"
111104000000,세종대로21길,0,서울특별시,2,ruddms0127@naver.com,"2020-03-16 13:25:46"
111104000000,세종대로21길,1,서울특별시,1,ruddms0127@naver.com,"2020-03-16 13:25:46"
111104000000,세종대로23길,0,서울특별시,2,ruddms0127@naver.com,"2020-03-16 13:25:46"
111104000000,세종대로23길,1,서울특별시,1,ruddms0127@naver.com,"2020-03-16 13:25:46"
111104000000,세종대로23길,2,서울특별시,1,ruddms0127@naver.com,"2020-03-16 13:25:46"
111104000000,세종대로23길,3,서울특별시,1,ruddms0127@naver.com,"2020-03-16 13:25:46"
111104000000,송월1길,0,서울특별시,2,ruddms0127@naver.com,"2020-03-16 13:25:46"
111104000000,송월1길,1,서울특별시,1,ruddms0127@naver.com,"2020-03-16 13:25:46"
111104000000,송월1길,2,서울특별시,1,ruddms0127@naver.com,"2020-03-16 13:25:46"
111104000000,송월1길,3,서울특별시,1,ruddms0127@naver.com,"2020-03-16 13:25:46"
111104000000,송월1길,4,서울특별시,1,ruddms0127@naver.com,"2020-03-16 13:25:46"
111104000000,송월길,0,서울특별시,2,ruddms0127@naver.com,"2020-03-16 13:25:46"
111104000000,송월길,1,서울특별시,1,ruddms0127@naver.com,"2020-03-16 13:25:46"
111104000000,송월길,2,서울특별시,1,ruddms0127@naver.com,"2020-03-16 13:25:46"
111104000000,송월길,3,서울특별시,1,ruddms0127@naver.com,"2020-03-16 13:25:46"
111104000000,송월길,4,서울특별시,1,ruddms0127@naver.com,"2020-03-16 13:25:46"
111104000000,송월길,5,서울특별시,1,ruddms0127@naver.com,"2020-03-16 13:25:46"
111104000000,송월길,6,서울특별시,1,ruddms0127@naver.com,"2020-03-16 13:25:46"
111104000000,송월길,7,서울특별시,1,ruddms0127@naver.com,"2020-03-16 13:25:46"
111104000000,수표로18가길,0,서울특별시,2,ruddms0127@naver.com,"2020-03-16 13:25:46"
111104000000,수표로18가길,1,서울특별시,1,ruddms0127@naver.com,"2020-03-16 13:25:46"
111104000000,수표로18길,0,서울특별시,2,ruddms0127@naver.com,"2020-03-16 13:25:46"
111104000000,수표로18길,1,서울특별시,1,ruddms0127@naver.com,"2020-03-16 13:25:46"
111104000000,수표로20길,0,서울특별시,2,ruddms0127@naver.com,"2020-03-16 13:25:46"
111104000000,수표로20길,1,서울특별시,1,ruddms0127@naver.com,"2020-03-16 13:25:46"
111104000000,수표로20길,2,서울특별시,1,ruddms0127@naver.com,"2020-03-16 13:25:46"
111104000000,수표로22길,0,서울특별시,2,ruddms0127@naver.com,"2020-03-16 13:25:46"
111104000000,수표로22길,1,서울특별시,1,ruddms0127@naver.com,"2020-03-16 13:25:46"
111104000000,수표로22길,2,서울특별시,1,ruddms0127@naver.com,"2020-03-16 13:25:46"
111104000000,수표로26길,0,서울특별시,2,ruddms0127@naver.com,"2020-03-16 13:25:46"
111104000000,수표로26길,1,서울특별시,1,ruddms0127@naver.com,"2020-03-16 13:25:46"
111104000000,수표로26길,2,서울특별시,1,ruddms0127@naver.com,"2020-03-16 13:25:46"
111104000000,수표로28길,0,서울특별시,2,ruddms0127@naver.com,"2020-03-16 13:25:46"
111104000000,수표로28길,1,서울특별시,1,ruddms0127@naver.com,"2020-03-16 13:25:46"
111104000000,수표로28길,2,서울특별시,1,ruddms0127@naver.com,"2020-03-16 13:25:46"
111104000000,수표로28길,3,서울특별시,1,ruddms0127@naver.com,"2020-03-16 13:25:46"
111104000000,숭인동1가길,0,서울특별시,2,ruddms0127@naver.com,"2020-03-16 13:25:46"
111104000000,숭인동1가길,1,서울특별시,1,ruddms0127@naver.com,"2020-03-16 13:25:46"
111104000000,숭인동1길,0,서울특별시,2,ruddms0127@naver.com,"2020-03-16 13:25:46"
111104000000,숭인동1길,1,서울특별시,1,ruddms0127@naver.com,"2020-03-16 13:25:46"
111104000000,숭인동1나길,0,서울특별시,2,ruddms0127@naver.com,"2020-03-16 13:25:46"
111104000000,숭인동1나길,1,서울특별시,1,ruddms0127@naver.com,"2020-03-16 13:25:46"
111104000000,숭인동1다길,0,서울특별시,2,ruddms0127@naver.com,"2020-03-16 13:25:46"
111104000000,숭인동1다길,1,서울특별시,1,ruddms0127@naver.com,"2020-03-16 13:25:46"
111104000000,숭인동2길,0,서울특별시,2,ruddms0127@naver.com,"2020-03-16 13:25:46"
111104000000,숭인동2길,1,서울특별시,1,ruddms0127@naver.com,"2020-03-16 13:25:46"
111104000000,숭인동길,0,서울특별시,2,ruddms0127@naver.com,"2020-03-16 13:25:46"
111104000000,숭인동길,1,서울특별시,1,ruddms0127@naver.com,"2020-03-16 13:25:46"
111104000000,옥인1길,0,서울특별시,2,ruddms0127@naver.com,"2020-03-16 13:25:46"
111104000000,옥인1길,1,서울특별시,1,ruddms0127@naver.com,"2020-03-16 13:25:46"
111104000000,옥인2길,0,서울특별시,2,ruddms0127@naver.com,"2020-03-16 13:25:46"
111104000000,옥인2길,1,서울특별시,1,ruddms0127@naver.com,"2020-03-16 13:25:46"
111104000000,옥인3길,0,서울특별시,2,ruddms0127@naver.com,"2020-03-16 13:25:46"
111104000000,옥인3길,1,서울특별시,1,ruddms0127@naver.com,"2020-03-16 13:25:46"
111104000000,옥인4길,0,서울특별시,2,ruddms0127@naver.com,"2020-03-16 13:25:46"
111104000000,옥인4길,1,서울특별시,1,ruddms0127@naver.com,"2020-03-16 13:25:46"
111104000000,옥인5길,0,서울특별시,2,ruddms0127@naver.com,"2020-03-16 13:25:46"
111104000000,옥인5길,1,서울특별시,1,ruddms0127@naver.com,"2020-03-16 13:25:46"
111104000000,옥인5길,2,서울특별시,1,ruddms0127@naver.com,"2020-03-16 13:25:46"
111104000000,옥인6가길,0,서울특별시,2,ruddms0127@naver.com,"2020-03-16 13:25:46"
111104000000,옥인6가길,1,서울특별시,1,ruddms0127@naver.com,"2020-03-16 13:25:46"
111104000000,옥인6길,0,서울특별시,2,ruddms0127@naver.com,"2020-03-16 13:25:46"
111104000000,옥인6길,1,서울특별시,1,ruddms0127@naver.com,"2020-03-16 13:25:46"
111104000000,옥인길,0,서울특별시,2,ruddms0127@naver.com,"2020-03-16 13:25:46"
111104000000,옥인길,1,서울특별시,1,ruddms0127@naver.com,"2020-03-16 13:25:46"
111104000000,옥인길,2,서울특별시,1,ruddms0127@naver.com,"2020-03-16 13:25:46"
111104000000,옥인길,3,서울특별시,1,ruddms0127@naver.com,"2020-03-16 13:25:46"
111104000000,와룡공원길,0,서울특별시,2,ruddms0127@naver.com,"2020-03-16 13:25:46"
111104000000,와룡공원길,1,서울특별시,1,ruddms0127@naver.com,"2020-03-16 13:25:46"
111104000000,와룡공원길,2,서울특별시,1,ruddms0127@naver.com,"2020-03-16 13:25:46"
111104000000,와룡공원길,3,서울특별시,1,ruddms0127@naver.com,"2020-03-16 13:25:46"
111104000000,우정국로2길,0,서울특별시,2,ruddms0127@naver.com,"2020-03-16 13:25:46"
111104000000,우정국로2길,1,서울특별시,1,ruddms0127@naver.com,"2020-03-16 13:25:46"
111104000000,윤보선길,0,서울특별시,2,ruddms0127@naver.com,"2020-03-16 13:25:46"
111104000000,윤보선길,1,서울특별시,1,ruddms0127@naver.com,"2020-03-16 13:25:46"
111104000000,윤보선길,2,서울특별시,1,ruddms0127@naver.com,"2020-03-16 13:25:46"
111104000000,율곡로10길,0,서울특별시,2,ruddms0127@naver.com,"2020-03-16 13:25:46"
111104000000,율곡로10길,1,서울특별시,1,ruddms0127@naver.com,"2020-03-16 13:25:46"
111104000000,율곡로10길,2,서울특별시,1,ruddms0127@naver.com,"2020-03-16 13:25:46"
111104000000,율곡로10길,3,서울특별시,1,ruddms0127@naver.com,"2020-03-16 13:25:46"
111104000000,율곡로10길,4,서울특별시,1,ruddms0127@naver.com,"2020-03-16 13:25:46"
111104000000,율곡로13가길,0,서울특별시,2,ruddms0127@naver.com,"2020-03-16 13:25:46"
111104000000,율곡로13가길,1,서울특별시,1,ruddms0127@naver.com,"2020-03-16 13:25:46"
111104000000,율곡로13길,0,서울특별시,2,ruddms0127@naver.com,"2020-03-16 13:25:46"
111104000000,율곡로13길,1,서울특별시,1,ruddms0127@naver.com,"2020-03-16 13:25:46"
111104000000,율곡로14길,0,서울특별시,2,ruddms0127@naver.com,"2020-03-16 13:25:46"
111104000000,율곡로14길,1,서울특별시,1,ruddms0127@naver.com,"2020-03-16 13:25:46"
111104000000,율곡로14길,2,서울특별시,1,ruddms0127@naver.com,"2020-03-16 13:25:46"
111104000000,율곡로14길,3,서울특별시,1,ruddms0127@naver.com,"2020-03-16 13:25:46"
111104000000,율곡로14길,4,서울특별시,1,ruddms0127@naver.com,"2020-03-16 13:25:46"
111104000000,율곡로16길,0,서울특별시,2,ruddms0127@naver.com,"2020-03-16 13:25:46"
111104000000,율곡로16길,1,서울특별시,1,ruddms0127@naver.com,"2020-03-16 13:25:46"
111104000000,율곡로16길,2,서울특별시,1,ruddms0127@naver.com,"2020-03-16 13:25:46"
111104000000,율곡로17길,0,서울특별시,2,ruddms0127@naver.com,"2020-03-16 13:25:46"
111104000000,율곡로17길,1,서울특별시,1,ruddms0127@naver.com,"2020-03-16 13:25:46"
111104000000,율곡로19가길,0,서울특별시,2,ruddms0127@naver.com,"2020-03-16 13:25:46"
111104000000,율곡로19가길,1,서울특별시,1,ruddms0127@naver.com,"2020-03-16 13:25:46"
111104000000,율곡로19길,0,서울특별시,2,ruddms0127@naver.com,"2020-03-16 13:25:46"
111104000000,율곡로19길,1,서울특별시,1,ruddms0127@naver.com,"2020-03-16 13:25:46"
111104000000,율곡로19길,2,서울특별시,1,ruddms0127@naver.com,"2020-03-16 13:25:46"
111104000000,율곡로1길,0,서울특별시,2,ruddms0127@naver.com,"2020-03-16 13:25:46"
111104000000,율곡로1길,1,서울특별시,1,ruddms0127@naver.com,"2020-03-16 13:25:46"
111104000000,율곡로1길,2,서울특별시,1,ruddms0127@naver.com,"2020-03-16 13:25:46"
111104000000,율곡로1길,3,서울특별시,1,ruddms0127@naver.com,"2020-03-16 13:25:46"
111104000000,율곡로20길,0,서울특별시,2,ruddms0127@naver.com,"2020-03-16 13:25:46"
111104000000,율곡로20길,1,서울특별시,1,ruddms0127@naver.com,"2020-03-16 13:25:46"
111104000000,율곡로22가길,0,서울특별시,2,ruddms0127@naver.com,"2020-03-16 13:25:46"
111104000000,율곡로22가길,1,서울특별시,1,ruddms0127@naver.com,"2020-03-16 13:25:46"
111104000000,율곡로22길,0,서울특별시,2,ruddms0127@naver.com,"2020-03-16 13:25:46"
111104000000,율곡로22길,1,서울특별시,1,ruddms0127@naver.com,"2020-03-16 13:25:46"
111104000000,율곡로22나길,0,서울특별시,2,ruddms0127@naver.com,"2020-03-16 13:25:46"
111104000000,율곡로22나길,1,서울특별시,1,ruddms0127@naver.com,"2020-03-16 13:25:46"
111104000000,율곡로23가길,0,서울특별시,2,ruddms0127@naver.com,"2020-03-16 13:25:46"
111104000000,율곡로23가길,1,서울특별시,1,ruddms0127@naver.com,"2020-03-16 13:25:46"
111104000000,율곡로23길,0,서울특별시,2,ruddms0127@naver.com,"2020-03-16 13:25:46"
111104000000,율곡로23길,1,서울특별시,1,ruddms0127@naver.com,"2020-03-16 13:25:46"
111104000000,율곡로23길,2,서울특별시,1,ruddms0127@naver.com,"2020-03-16 13:25:46"
111104000000,율곡로25길,0,서울특별시,2,ruddms0127@naver.com,"2020-03-16 13:25:46"
111104000000,율곡로25길,1,서울특별시,1,ruddms0127@naver.com,"2020-03-16 13:25:46"
111104000000,율곡로27길,0,서울특별시,2,ruddms0127@naver.com,"2020-03-16 13:25:46"
111104000000,율곡로27길,1,서울특별시,1,ruddms0127@naver.com,"2020-03-16 13:25:46"
111104000000,율곡로29길,0,서울특별시,2,ruddms0127@naver.com,"2020-03-16 13:25:46"
111104000000,율곡로29길,1,서울특별시,1,ruddms0127@naver.com,"2020-03-16 13:25:46"
111104000000,율곡로29길,2,서울특별시,1,ruddms0127@naver.com,"2020-03-16 13:25:46"
111104000000,율곡로2길,0,서울특별시,2,ruddms0127@naver.com,"2020-03-16 13:25:46"
111104000000,율곡로2길,1,서울특별시,1,ruddms0127@naver.com,"2020-03-16 13:25:46"
111104000000,율곡로2길,2,서울특별시,1,ruddms0127@naver.com,"2020-03-16 13:25:46"
111104000000,율곡로30길,0,서울특별시,2,ruddms0127@naver.com,"2020-03-16 13:25:46"
111104000000,율곡로30길,1,서울특별시,1,ruddms0127@naver.com,"2020-03-16 13:25:46"
111104000000,율곡로3길,0,서울특별시,2,ruddms0127@naver.com,"2020-03-16 13:25:46"
111104000000,율곡로3길,1,서울특별시,1,ruddms0127@naver.com,"2020-03-16 13:25:46"
111104000000,율곡로3길,2,서울특별시,1,ruddms0127@naver.com,"2020-03-16 13:25:46"
111104000000,율곡로3길,3,서울특별시,1,ruddms0127@naver.com,"2020-03-16 13:25:46"
111104000000,율곡로3길,4,서울특별시,1,ruddms0127@naver.com,"2020-03-16 13:25:46"
111104000000,율곡로4길,0,서울특별시,2,ruddms0127@naver.com,"2020-03-16 13:25:46"
111104000000,율곡로4길,1,서울특별시,1,ruddms0127@naver.com,"2020-03-16 13:25:46"
111104000000,율곡로4길,2,서울특별시,1,ruddms0127@naver.com,"2020-03-16 13:25:46"
111104000000,율곡로5길,0,서울특별시,2,ruddms0127@naver.com,"2020-03-16 13:25:46"
111104000000,율곡로5길,1,서울특별시,1,ruddms0127@naver.com,"2020-03-16 13:25:46"
111104000000,율곡로6길,0,서울특별시,2,ruddms0127@naver.com,"2020-03-16 13:25:46"
111104000000,율곡로6길,1,서울특별시,1,ruddms0127@naver.com,"2020-03-16 13:25:46"
111104000000,율곡로8길,0,서울특별시,2,ruddms0127@naver.com,"2020-03-16 13:25:46"
111104000000,율곡로8길,1,서울특별시,1,ruddms0127@naver.com,"2020-03-16 13:25:46"
111104000000,율곡로8길,2,서울특별시,1,ruddms0127@naver.com,"2020-03-16 13:25:46"
111104000000,이화장1가길,0,서울특별시,2,ruddms0127@naver.com,"2020-03-16 13:25:46"
111104000000,이화장1가길,1,서울특별시,1,ruddms0127@naver.com,"2020-03-16 13:25:46"
111104000000,이화장1길,0,서울특별시,2,ruddms0127@naver.com,"2020-03-16 13:25:46"
111104000000,이화장1길,1,서울특별시,1,ruddms0127@naver.com,"2020-03-16 13:25:46"
111104000000,이화장1나길,0,서울특별시,2,ruddms0127@naver.com,"2020-03-16 13:25:46"
111104000000,이화장1나길,1,서울특별시,1,ruddms0127@naver.com,"2020-03-16 13:25:46"
111104000000,이화장2길,0,서울특별시,2,ruddms0127@naver.com,"2020-03-16 13:25:46"
111104000000,이화장2길,1,서울특별시,1,ruddms0127@naver.com,"2020-03-16 13:25:46"
111104000000,이화장2길,2,서울특별시,1,ruddms0127@naver.com,"2020-03-16 13:25:46"
111104000000,이화장길,0,서울특별시,2,ruddms0127@naver.com,"2020-03-16 13:25:46"
111104000000,이화장길,1,서울특별시,1,ruddms0127@naver.com,"2020-03-16 13:25:46"
111104000000,이화장길,2,서울특별시,1,ruddms0127@naver.com,"2020-03-16 13:25:46"
111104000000,인사동10길,0,서울특별시,2,ruddms0127@naver.com,"2020-03-16 13:25:46"
111104000000,인사동10길,1,서울특별시,1,ruddms0127@naver.com,"2020-03-16 13:25:46"
111104000000,인사동10길,2,서울특별시,1,ruddms0127@naver.com,"2020-03-16 13:25:46"
111104000000,인사동11길,0,서울특별시,2,ruddms0127@naver.com,"2020-03-16 13:25:46"
111104000000,인사동11길,1,서울특별시,1,ruddms0127@naver.com,"2020-03-16 13:25:46"
111104000000,인사동11길,2,서울특별시,1,ruddms0127@naver.com,"2020-03-16 13:25:46"
111104000000,인사동12길,0,서울특별시,2,ruddms0127@naver.com,"2020-03-16 13:25:46"
111104000000,인사동12길,1,서울특별시,1,ruddms0127@naver.com,"2020-03-16 13:25:46"
111104000000,인사동14길,0,서울특별시,2,ruddms0127@naver.com,"2020-03-16 13:25:46"
111104000000,인사동14길,1,서울특별시,1,ruddms0127@naver.com,"2020-03-16 13:25:46"
111104000000,인사동16길,0,서울특별시,2,ruddms0127@naver.com,"2020-03-16 13:25:46"
111104000000,인사동16길,1,서울특별시,1,ruddms0127@naver.com,"2020-03-16 13:25:46"
111104000000,인사동1길,0,서울특별시,2,ruddms0127@naver.com,"2020-03-16 13:25:46"
111104000000,인사동1길,1,서울특별시,1,ruddms0127@naver.com,"2020-03-16 13:25:46"
111104000000,인사동3길,0,서울특별시,2,ruddms0127@naver.com,"2020-03-16 13:25:46"
111104000000,인사동3길,1,서울특별시,1,ruddms0127@naver.com,"2020-03-16 13:25:46"
111104000000,인사동4길,0,서울특별시,2,ruddms0127@naver.com,"2020-03-16 13:25:46"
111104000000,인사동4길,1,서울특별시,1,ruddms0127@naver.com,"2020-03-16 13:25:46"
111104000000,인사동4길,2,서울특별시,1,ruddms0127@naver.com,"2020-03-16 13:25:46"
111104000000,인사동4길,3,서울특별시,1,ruddms0127@naver.com,"2020-03-16 13:25:46"
111104000000,인사동5길,0,서울특별시,2,ruddms0127@naver.com,"2020-03-16 13:25:46"
111104000000,인사동5길,1,서울특별시,1,ruddms0127@naver.com,"2020-03-16 13:25:46"
111104000000,인사동5길,2,서울특별시,1,ruddms0127@naver.com,"2020-03-16 13:25:46"
111104000000,인사동5길,3,서울특별시,1,ruddms0127@naver.com,"2020-03-16 13:25:46"
111104000000,인사동6길,0,서울특별시,2,ruddms0127@naver.com,"2020-03-16 13:25:46"
111104000000,인사동6길,1,서울특별시,1,ruddms0127@naver.com,"2020-03-16 13:25:46"
111104000000,인사동6길,2,서울특별시,1,ruddms0127@naver.com,"2020-03-16 13:25:46"
111104000000,인사동7길,0,서울특별시,2,ruddms0127@naver.com,"2020-03-16 13:25:46"
111104000000,인사동7길,1,서울특별시,1,ruddms0127@naver.com,"2020-03-16 13:25:46"
111104000000,인사동8길,0,서울특별시,2,ruddms0127@naver.com,"2020-03-16 13:25:46"
111104000000,인사동8길,1,서울특별시,1,ruddms0127@naver.com,"2020-03-16 13:25:46"
111104000000,인사동8길,2,서울특별시,1,ruddms0127@naver.com,"2020-03-16 13:25:46"
111104000000,인사동9길,0,서울특별시,2,ruddms0127@naver.com,"2020-03-16 13:25:46"
111104000000,인사동9길,1,서울특별시,1,ruddms0127@naver.com,"2020-03-16 13:25:46"
111104000000,인사동9길,2,서울특별시,1,ruddms0127@naver.com,"2020-03-16 13:25:46"
111104000000,인사동길,0,서울특별시,2,ruddms0127@naver.com,"2020-03-16 13:25:46"
111104000000,인사동길,1,서울특별시,1,ruddms0127@naver.com,"2020-03-16 13:25:46"
111104000000,인사동길,2,서울특별시,1,ruddms0127@naver.com,"2020-03-16 13:25:46"
111104000000,인사동길,3,서울특별시,1,ruddms0127@naver.com,"2020-03-16 13:25:46"
111104000000,인사동길,4,서울특별시,1,ruddms0127@naver.com,"2020-03-16 13:25:46"
111104000000,인왕산로1가길,0,서울특별시,2,ruddms0127@naver.com,"2020-03-16 13:25:46"
111104000000,인왕산로1가길,1,서울특별시,1,ruddms0127@naver.com,"2020-03-16 13:25:46"
111104000000,인왕산로1길,0,서울특별시,2,ruddms0127@naver.com,"2020-03-16 13:25:46"
111104000000,인왕산로1길,1,서울특별시,1,ruddms0127@naver.com,"2020-03-16 13:25:46"
111104000000,인왕산로1길,2,서울특별시,1,ruddms0127@naver.com,"2020-03-16 13:25:46"
111104000000,인왕산로1길,3,서울특별시,1,ruddms0127@naver.com,"2020-03-16 13:25:46"
111104000000,자하문로10길,0,서울특별시,2,ruddms0127@naver.com,"2020-03-16 13:25:46"
111104000000,자하문로10길,1,서울특별시,1,ruddms0127@naver.com,"2020-03-16 13:25:46"
111104000000,자하문로10길,2,서울특별시,1,ruddms0127@naver.com,"2020-03-16 13:25:46"
111104000000,자하문로11길,0,서울특별시,2,ruddms0127@naver.com,"2020-03-16 13:25:46"
111104000000,자하문로11길,1,서울특별시,1,ruddms0127@naver.com,"2020-03-16 13:25:46"
111104000000,자하문로12길,0,서울특별시,2,ruddms0127@naver.com,"2020-03-16 13:25:46"
111104000000,자하문로12길,1,서울특별시,1,ruddms0127@naver.com,"2020-03-16 13:25:46"
111104000000,자하문로13길,0,서울특별시,2,ruddms0127@naver.com,"2020-03-16 13:25:46"
111104000000,자하문로13길,1,서울특별시,1,ruddms0127@naver.com,"2020-03-16 13:25:46"
111104000000,자하문로14길,0,서울특별시,2,ruddms0127@naver.com,"2020-03-16 13:25:46"
111104000000,자하문로14길,1,서울특별시,1,ruddms0127@naver.com,"2020-03-16 13:25:46"
111104000000,자하문로15길,0,서울특별시,2,ruddms0127@naver.com,"2020-03-16 13:25:46"
111104000000,자하문로15길,1,서울특별시,1,ruddms0127@naver.com,"2020-03-16 13:25:46"
111104000000,자하문로16길,0,서울특별시,2,ruddms0127@naver.com,"2020-03-16 13:25:46"
111104000000,자하문로16길,1,서울특별시,1,ruddms0127@naver.com,"2020-03-16 13:25:46"
111104000000,자하문로16길,2,서울특별시,1,ruddms0127@naver.com,"2020-03-16 13:25:46"
111104000000,자하문로17길,0,서울특별시,2,ruddms0127@naver.com,"2020-03-16 13:25:46"
111104000000,자하문로17길,1,서울특별시,1,ruddms0127@naver.com,"2020-03-16 13:25:46"
111104000000,자하문로17길,2,서울특별시,1,ruddms0127@naver.com,"2020-03-16 13:25:46"
111104000000,자하문로19길,0,서울특별시,2,ruddms0127@naver.com,"2020-03-16 13:25:46"
111104000000,자하문로19길,1,서울특별시,1,ruddms0127@naver.com,"2020-03-16 13:25:46"
111104000000,자하문로1가길,0,서울특별시,2,ruddms0127@naver.com,"2020-03-16 13:25:46"
111104000000,자하문로1가길,1,서울특별시,1,ruddms0127@naver.com,"2020-03-16 13:25:46"
111104000000,자하문로1길,0,서울특별시,2,ruddms0127@naver.com,"2020-03-16 13:25:46"
111104000000,자하문로1길,1,서울특별시,1,ruddms0127@naver.com,"2020-03-16 13:25:46"
111104000000,자하문로1길,2,서울특별시,1,ruddms0127@naver.com,"2020-03-16 13:25:46"
111104000000,자하문로1길,3,서울특별시,1,ruddms0127@naver.com,"2020-03-16 13:25:46"
111104000000,자하문로1나길,0,서울특별시,2,ruddms0127@naver.com,"2020-03-16 13:25:46"
111104000000,자하문로1나길,1,서울특별시,1,ruddms0127@naver.com,"2020-03-16 13:25:46"
111104000000,자하문로1다길,0,서울특별시,2,ruddms0127@naver.com,"2020-03-16 13:25:46"
111104000000,자하문로1다길,1,서울특별시,1,ruddms0127@naver.com,"2020-03-16 13:25:46"
111104000000,자하문로1라길,0,서울특별시,2,ruddms0127@naver.com,"2020-03-16 13:25:46"
111104000000,자하문로1라길,1,서울특별시,1,ruddms0127@naver.com,"2020-03-16 13:25:46"
111104000000,자하문로21길,0,서울특별시,2,ruddms0127@naver.com,"2020-03-16 13:25:46"
111104000000,자하문로21길,1,서울특별시,1,ruddms0127@naver.com,"2020-03-16 13:25:46"
111104000000,자하문로23길,0,서울특별시,2,ruddms0127@naver.com,"2020-03-16 13:25:46"
111104000000,자하문로23길,1,서울특별시,1,ruddms0127@naver.com,"2020-03-16 13:25:46"
111104000000,자하문로24길,0,서울특별시,2,ruddms0127@naver.com,"2020-03-16 13:25:46"
111104000000,자하문로24길,1,서울특별시,1,ruddms0127@naver.com,"2020-03-16 13:25:46"
111104000000,자하문로24길,2,서울특별시,1,ruddms0127@naver.com,"2020-03-16 13:25:46"
111104000000,자하문로26길,0,서울특별시,2,ruddms0127@naver.com,"2020-03-16 13:25:46"
111104000000,자하문로26길,1,서울특별시,1,ruddms0127@naver.com,"2020-03-16 13:25:46"
111104000000,자하문로26길,2,서울특별시,1,ruddms0127@naver.com,"2020-03-16 13:25:46"
111104000000,자하문로28가길,0,서울특별시,2,ruddms0127@naver.com,"2020-03-16 13:25:46"
111104000000,자하문로28가길,1,서울특별시,1,ruddms0127@naver.com,"2020-03-16 13:25:46"
111104000000,자하문로28길,0,서울특별시,2,ruddms0127@naver.com,"2020-03-16 13:25:46"
111104000000,자하문로28길,1,서울특별시,1,ruddms0127@naver.com,"2020-03-16 13:25:46"
111104000000,자하문로28길,2,서울특별시,1,ruddms0127@naver.com,"2020-03-16 13:25:46"
111104000000,자하문로2길,0,서울특별시,2,ruddms0127@naver.com,"2020-03-16 13:25:46"
111104000000,자하문로2길,1,서울특별시,1,ruddms0127@naver.com,"2020-03-16 13:25:46"
111104000000,자하문로2길,2,서울특별시,1,ruddms0127@naver.com,"2020-03-16 13:25:46"
111104000000,자하문로30길,0,서울특별시,2,ruddms0127@naver.com,"2020-03-16 13:25:46"
111104000000,자하문로30길,1,서울특별시,1,ruddms0127@naver.com,"2020-03-16 13:25:46"
111104000000,자하문로33가길,0,서울특별시,2,ruddms0127@naver.com,"2020-03-16 13:25:46"
111104000000,자하문로33가길,1,서울특별시,1,ruddms0127@naver.com,"2020-03-16 13:25:46"
111104000000,자하문로33길,0,서울특별시,2,ruddms0127@naver.com,"2020-03-16 13:25:46"
111104000000,자하문로33길,1,서울특별시,1,ruddms0127@naver.com,"2020-03-16 13:25:46"
111104000000,자하문로33길,2,서울특별시,1,ruddms0127@naver.com,"2020-03-16 13:25:46"
111104000000,자하문로33나길,0,서울특별시,2,ruddms0127@naver.com,"2020-03-16 13:25:46"
111104000000,자하문로33나길,1,서울특별시,1,ruddms0127@naver.com,"2020-03-16 13:25:46"
111104000000,자하문로33다길,0,서울특별시,2,ruddms0127@naver.com,"2020-03-16 13:25:46"
111104000000,자하문로33다길,1,서울특별시,1,ruddms0127@naver.com,"2020-03-16 13:25:46"
111104000000,자하문로35길,0,서울특별시,2,ruddms0127@naver.com,"2020-03-16 13:25:46"
111104000000,자하문로35길,1,서울특별시,1,ruddms0127@naver.com,"2020-03-16 13:25:46"
111104000000,자하문로36길,0,서울특별시,2,ruddms0127@naver.com,"2020-03-16 13:25:46"
111104000000,자하문로36길,1,서울특별시,1,ruddms0127@naver.com,"2020-03-16 13:25:46"
111104000000,자하문로37길,0,서울특별시,2,ruddms0127@naver.com,"2020-03-16 13:25:46"
111104000000,자하문로37길,1,서울특별시,1,ruddms0127@naver.com,"2020-03-16 13:25:46"
111104000000,자하문로38길,0,서울특별시,2,ruddms0127@naver.com,"2020-03-16 13:25:46"
111104000000,자하문로38길,1,서울특별시,1,ruddms0127@naver.com,"2020-03-16 13:25:46"
111104000000,자하문로40가길,0,서울특별시,2,ruddms0127@naver.com,"2020-03-16 13:25:46"
111104000000,자하문로40가길,1,서울특별시,1,ruddms0127@naver.com,"2020-03-16 13:25:46"
111104000000,자하문로40길,0,서울특별시,2,ruddms0127@naver.com,"2020-03-16 13:25:46"
111104000000,자하문로40길,1,서울특별시,1,ruddms0127@naver.com,"2020-03-16 13:25:46"
111104000000,자하문로41길,0,서울특별시,2,ruddms0127@naver.com,"2020-03-16 13:25:46"
111104000000,자하문로41길,1,서울특별시,1,ruddms0127@naver.com,"2020-03-16 13:25:46"
111104000000,자하문로41길,2,서울특별시,1,ruddms0127@naver.com,"2020-03-16 13:25:46"
111104000000,자하문로42길,0,서울특별시,2,ruddms0127@naver.com,"2020-03-16 13:25:46"
111104000000,자하문로42길,1,서울특별시,1,ruddms0127@naver.com,"2020-03-16 13:25:46"
111104000000,자하문로42길,2,서울특별시,1,ruddms0127@naver.com,"2020-03-16 13:25:46"
111104000000,자하문로43길,0,서울특별시,2,ruddms0127@naver.com,"2020-03-16 13:25:46"
111104000000,자하문로43길,1,서울특별시,1,ruddms0127@naver.com,"2020-03-16 13:25:46"
111104000000,자하문로43길,2,서울특별시,1,ruddms0127@naver.com,"2020-03-16 13:25:46"
111104000000,자하문로45길,0,서울특별시,2,ruddms0127@naver.com,"2020-03-16 13:25:46"
111104000000,자하문로45길,1,서울특별시,1,ruddms0127@naver.com,"2020-03-16 13:25:46"
111104000000,자하문로4길,0,서울특별시,2,ruddms0127@naver.com,"2020-03-16 13:25:46"
111104000000,자하문로4길,1,서울특별시,1,ruddms0127@naver.com,"2020-03-16 13:25:46"
111104000000,자하문로5가길,0,서울특별시,2,ruddms0127@naver.com,"2020-03-16 13:25:46"
111104000000,자하문로5가길,1,서울특별시,1,ruddms0127@naver.com,"2020-03-16 13:25:46"
111104000000,자하문로5길,0,서울특별시,2,ruddms0127@naver.com,"2020-03-16 13:25:46"
111104000000,자하문로5길,1,서울특별시,1,ruddms0127@naver.com,"2020-03-16 13:25:46"
111104000000,자하문로5길,2,서울특별시,1,ruddms0127@naver.com,"2020-03-16 13:25:46"
111104000000,자하문로6길,0,서울특별시,2,ruddms0127@naver.com,"2020-03-16 13:25:46"
111104000000,자하문로6길,1,서울특별시,1,ruddms0127@naver.com,"2020-03-16 13:25:46"
111104000000,자하문로7길,0,서울특별시,2,ruddms0127@naver.com,"2020-03-16 13:25:46"
111104000000,자하문로7길,1,서울특별시,1,ruddms0127@naver.com,"2020-03-16 13:25:46"
111104000000,자하문로7길,2,서울특별시,1,ruddms0127@naver.com,"2020-03-16 13:25:46"
111104000000,자하문로7길,3,서울특별시,1,ruddms0127@naver.com,"2020-03-16 13:25:46"
111104000000,자하문로8길,0,서울특별시,2,ruddms0127@naver.com,"2020-03-16 13:25:46"
111104000000,자하문로8길,1,서울특별시,1,ruddms0127@naver.com,"2020-03-16 13:25:46"
111104000000,자하문로9길,0,서울특별시,2,ruddms0127@naver.com,"2020-03-16 13:25:46"
111104000000,자하문로9길,1,서울특별시,1,ruddms0127@naver.com,"2020-03-16 13:25:46"
111104000000,자하문로9길,2,서울특별시,1,ruddms0127@naver.com,"2020-03-16 13:25:46"
111104000000,종로10길,0,서울특별시,2,ruddms0127@naver.com,"2020-03-16 13:25:46"
111104000000,종로10길,1,서울특별시,1,ruddms0127@naver.com,"2020-03-16 13:25:46"
111104000000,종로11길,0,서울특별시,2,ruddms0127@naver.com,"2020-03-16 13:25:46"
111104000000,종로11길,1,서울특별시,1,ruddms0127@naver.com,"2020-03-16 13:25:46"
111104000000,종로12길,0,서울특별시,2,ruddms0127@naver.com,"2020-03-16 13:25:46"
111104000000,종로12길,1,서울특별시,1,ruddms0127@naver.com,"2020-03-16 13:25:46"
111104000000,종로14길,0,서울특별시,2,ruddms0127@naver.com,"2020-03-16 13:25:46"
111104000000,종로14길,1,서울특별시,1,ruddms0127@naver.com,"2020-03-16 13:25:46"
111104000000,종로16길,0,서울특별시,2,ruddms0127@naver.com,"2020-03-16 13:25:46"
111104000000,종로16길,1,서울특별시,1,ruddms0127@naver.com,"2020-03-16 13:25:46"
111104000000,종로16길,2,서울특별시,1,ruddms0127@naver.com,"2020-03-16 13:25:46"
111104000000,종로17길,0,서울특별시,2,ruddms0127@naver.com,"2020-03-16 13:25:46"
